Rk.,Player,Year,Pitches,Total,Pitch %,PA,Glove/Arm-Side Movement (in),Vertical Movement w/o Gravity (in),wOBA,xwOBA,BABIP,Whiff%,Pitch (MPH),Perceived Velocity,Spin (RPM),Vertical Release Pt (ft),Horizontal Release Pt (ft),Extension (ft),xWOBA/Average xWOBA of Year
41,"Castillo, Luis RHP",2023,1423,3207,44.4,320,12.0 ARM,13.6,0.278,0.299,0.205,33,96.3,94.8,2287,5.2,-2.42,5.5,0.8575641285
44,"Lynn, Lance RHP",2023,1385,3167,43.7,327,3.2 ARM,13.5,0.359,0.349,0.291,31.6,92.4,93,2424,5.64,-3.04,6.5,1.000969501
64,"López, Pablo RHP",2023,1043,3024,34.5,257,5.0 ARM,14.3,0.347,0.3,0.378,31.5,94.9,96.7,2262,5.53,-1.97,7.2,0.8604322359
46,"Wheeler, Zack RHP",2023,1370,3155,43.4,320,6.3 ARM,15.3,0.252,0.259,0.266,31.4,95.8,97.5,2495,5.44,-1.97,7.3,0.7428398303
70,"Keller, Mitch RHP",2023,814,3119,26.1,215,9.0 ARM,15,0.273,0.279,0.289,30.2,95.2,95.7,2377,5.83,-2.13,6.6,0.8002019794
1,"Bickford, Phil RHP",2023,873,1229,71,205,5.7 ARM,15.8,0.282,0.324,0.257,30,93.7,94.7,2353,5.09,-2.39,6.9,0.9292668148
22,"Peralta, Freddy RHP",2023,1453,2839,51.2,340,6.9 ARM,15.5,0.294,0.286,0.283,29.2,94.4,95.5,2414,5.08,-2.8,6.9,0.8202787316
7,"Strider, Spencer RHP",2023,1826,3100,58.9,435,6.1 ARM,18.4,0.33,0.317,0.332,28.7,97.2,98.3,2362,5.88,-2,7,0.9091900626
11,"Ryan, Joe RHP",2023,1526,2683,56.9,357,10.3 ARM,14.6,0.313,0.274,0.312,28.7,92.3,92.7,2216,4.97,-2.6,6.5,0.7858614421
58,"Kirby, George RHP",2023,1112,2825,39.4,306,8.3 ARM,15.2,0.282,0.306,0.297,28,96.1,96.4,2209,5.92,-1.52,6.4,0.8776408806
36,"Ober, Bailey RHP",2023,1063,2327,45.7,252,7.5 ARM,16.5,0.311,0.306,0.273,27.7,91.3,93.3,2313,5.81,-1.4,7.3,0.8776408806
9,"Miller, Bryce RHP",2023,1224,2095,58.4,312,3.5 ARM,18.4,0.327,0.33,0.314,27.1,95.1,95,2591,5.76,-0.87,6.2,0.9464754595
37,"Kikuchi, Yusei LHP",2023,1271,2818,45.1,250,9.8 ARM,16.2,0.329,0.312,0.34,26.8,95.1,95.9,2340,5.32,2.42,6.9,0.8948495254
8,"Javier, Cristian RHP",2023,1682,2882,58.4,450,5.6 ARM,18.6,0.329,0.342,0.258,26.5,92.7,91.6,2255,5.72,-1.73,6,0.9808927489
5,"Kopech, Michael RHP",2023,1492,2430,61.4,369,9.0 ARM,17.2,0.39,0.39,0.276,26.4,95.2,96,2501,5.71,-2.52,6.8,1.118561907
62,"Kremer, Dean RHP",2023,1084,2925,37.1,254,9.7 ARM,16.8,0.314,0.335,0.316,26.2,94.6,94.4,2304,5.85,-2.43,6.3,0.9608159968
68,"Kelly, Merrill RHP",2023,842,2803,30,203,7.4 ARM,14.7,0.346,0.33,0.257,25.9,92.2,92.1,2345,5.45,-1.77,6.2,0.9464754595
10,"Heaney, Andrew LHP",2023,1506,2603,57.9,327,15.9 ARM,13.9,0.343,0.336,0.291,25.6,92.5,92.4,2413,4.99,2.85,6.5,0.9636841042
12,"Fujinami, Shintaro RHP",2023,794,1404,56.6,210,11.1 ARM,14,0.348,0.345,0.296,25.5,98.4,99.5,2014,5.52,-2.02,6.9,0.9894970713
18,"Greene, Hunter RHP",2023,1135,2089,54.3,295,11.6 ARM,15.4,0.382,0.345,0.34,25.2,98.3,97.6,2343,6.01,-2.44,6.3,0.9894970713
49,"Glasnow, Tyler RHP",2023,819,1894,43.2,223,1.0 ARM,16.8,0.322,0.333,0.302,24.9,96.4,98.5,2489,6.04,-1.78,7.5,0.9550797819
24,"Pivetta, Nick RHP",2023,1206,2383,50.6,290,4.1 ARM,20,0.326,0.329,0.259,24.7,94.6,95.4,2347,6.63,-1.26,6.9,0.9436073521
28,"Rodriguez, Grayson RHP",2023,1043,2104,49.6,229,11.4 ARM,15.9,0.405,0.38,0.43,24.1,97.4,98.7,2270,5.79,-2.41,7.2,1.089880832
33,"Scherzer, Max RHP",2023,1142,2465,46.3,240,10.8 ARM,15.8,0.337,0.327,0.273,23.8,93.7,93.4,2360,5.48,-3.09,6.3,0.9378711371
14,"Manaea, Sean LHP",2023,1155,2052,56.3,285,15.0 ARM,10.6,0.312,0.329,0.31,23.3,93.6,95.2,2039,5.57,2.26,7.2,0.9436073521
20,"Cole, Gerrit RHP",2023,1739,3281,53,429,8.4 ARM,17.4,0.269,0.303,0.258,22.7,96.7,96.4,2412,5.95,-1.97,6.3,0.8690365583
66,"Morton, Charlie RHP",2023,898,2842,31.6,239,13.2 ARM,10.9,0.391,0.397,0.345,22.5,94.9,94.7,2308,5.45,-2.37,6.2,1.138638659
34,"Brown, Hunter RHP",2023,1253,2720,46.1,267,6.1 ARM,16.9,0.384,0.336,0.34,22.3,95.7,96.4,2240,6.18,-1.25,6.8,0.9636841042
42,"Rodriguez, Eduardo LHP",2023,1076,2446,44,241,5.8 ARM,14.6,0.336,0.341,0.333,22.2,92.2,92.3,2165,5.82,1.66,6.2,0.9780246415
39,"Urías, Julio LHP",2023,833,1849,45.1,208,3.9 ARM,16.8,0.344,0.355,0.286,21.8,92.7,91.8,2444,6.01,1.53,5.6,1.018178146
65,"Hill, Rich LHP",2023,865,2531,34.2,204,6.3 ARM,17.4,0.325,0.349,0.31,21.8,88.4,88.4,2203,5.91,1.4,6.3,1.000969501
13,"Paxton, James LHP",2023,957,1690,56.6,243,11.9 ARM,14.8,0.353,0.34,0.296,21.7,95.2,96,2207,6.08,1.97,6.8,0.975156534
25,"Sears, JP LHP",2023,1437,2867,50.1,369,11.2 ARM,14.7,0.353,0.349,0.299,21.7,93.1,93.5,2135,4.98,1.18,6.5,1.000969501
69,"Nola, Aaron RHP",2023,913,3087,29.6,201,12.2 ARM,15.1,0.342,0.313,0.283,21.7,92.7,93.6,2304,5.19,-1.99,6.9,0.8977176328
6,"Gore, MacKenzie LHP",2023,1464,2462,59.5,338,4.3 ARM,17.4,0.37,0.377,0.317,21.6,95,96.2,2286,6.01,1.58,7.1,1.08127651
2,"Finnegan, Kyle RHP",2023,774,1106,70,212,11.1 ARM,15,0.342,0.355,0.305,21.2,97.3,98,2036,5.71,-1.66,6.7,1.018178146
48,"Detmers, Reid LHP",2023,1123,2599,43.2,252,11.0 ARM,15.7,0.377,0.382,0.327,21.2,94.3,93.7,2095,5.99,1.41,6,1.095617047
55,"Flaherty, Jack RHP",2023,1097,2634,41.6,265,2.3 ARM,13.4,0.357,0.335,0.392,20.8,93.1,94.3,2306,5.43,-2.48,6.8,0.9608159968
47,"Cease, Dylan RHP",2023,1408,3262,43.2,330,3.2 ARM,18.8,0.357,0.34,0.332,20.5,95.6,95.6,2519,6.27,-1.31,6.3,0.975156534
4,"Steele, Justin LHP",2023,1676,2678,62.6,429,1.3 GLV,10.8,0.318,0.327,0.331,20.3,91.8,88.9,2402,6.08,2.02,6.3,0.9378711371
53,"Giolito, Lucas RHP",2023,1338,3190,41.9,325,5.5 ARM,18.1,0.375,0.369,0.296,20,93.1,94.1,2173,6.33,-1.19,6.9,1.05833165
27,"Abbott, Andrew LHP",2023,949,1897,50,241,7.8 ARM,16.3,0.348,0.36,0.308,19.8,92.7,93.6,2207,5.76,1.62,6.7,1.032518683
30,"Snell, Blake LHP",2023,1541,3168,48.6,344,4.6 ARM,18.8,0.354,0.402,0.307,19.5,95.5,96.2,2430,6.62,2.08,6.9,1.152979196
35,"Luzardo, Jesús LHP",2023,1367,2988,45.7,348,14.1 ARM,14,0.301,0.351,0.272,19.4,96.7,95.4,2240,5.85,2.34,5.7,1.006705716
60,"Anderson, Tyler LHP",2023,907,2431,37.3,239,4.9 ARM,18.7,0.42,0.401,0.304,19.3,90.1,89.9,2218,6.38,1.62,6.2,1.150111089
29,"Gallen, Zac RHP",2023,1601,3248,49.3,405,2.9 ARM,17,0.286,0.326,0.295,19.2,93.6,94,2296,5.97,-2.72,6.6,0.9350030297
40,"Bradley, Taj RHP",2023,818,1821,44.9,226,4.9 ARM,18.9,0.387,0.367,0.311,19.1,96.1,96.1,2292,6.13,-1.38,6.4,1.052595435
32,"Bibee, Tanner RHP",2023,1095,2326,47.1,284,4.6 ARM,16.5,0.309,0.348,0.291,19,94.9,95.3,2301,6.42,-1.92,6.6,0.9981013937
56,"Wentz, Joey LHP",2023,803,1930,41.6,204,12.1 ARM,15.4,0.475,0.437,0.415,19,93.4,93.4,2222,6.16,1.15,6.4,1.253362957
71,"Mikolas, Miles RHP",2023,831,3197,26,201,5.6 ARM,15.1,0.35,0.338,0.331,18.9,93.3,93.5,2275,6.56,-2.09,6.4,0.9694203191
17,"Seabold, Connor RHP",2023,850,1562,54.4,221,9.4 ARM,13.1,0.419,0.367,0.369,18.6,92.6,92.5,2096,5.65,-2.38,6.1,1.052595435
15,"Megill, Tylor RHP",2023,1245,2235,55.7,304,7.8 ARM,14.7,0.391,0.407,0.343,18.4,94.9,96.6,2126,6.02,-1.59,7.3,1.167319733
59,"Oviedo, Johan RHP",2023,1169,2980,39.2,305,9.8 ARM,10.2,0.367,0.372,0.297,18.3,95.8,97.3,2269,5.57,-2.49,7,1.066935973
61,"Eovaldi, Nathan RHP",2023,831,2232,37.2,228,12.5 ARM,13.7,0.323,0.344,0.286,18.3,95.1,95.9,2168,5.41,-2.46,6.9,0.9866289638
26,"Verlander, Justin RHP",2023,1302,2602,50,334,8.0 ARM,18.8,0.309,0.337,0.251,18.1,94.3,93.5,2428,7.03,-1.37,6,0.9665522117
52,"Gray, Jon RHP",2023,1014,2393,42.4,287,10.0 ARM,13,0.421,0.397,0.396,17.9,95.7,96.2,2010,5.47,-1.97,6.6,1.138638659
19,"Waldichuk, Ken LHP",2023,1387,2553,54.3,346,10.2 ARM,15.2,0.38,0.365,0.291,17.8,93.3,94.4,2300,5.53,2.46,7,1.04685922
38,"Allen, Logan LHP",2023,963,2134,45.1,254,4.1 ARM,16.1,0.353,0.361,0.265,17.7,91.4,91.9,2150,5.24,2.24,6.5,1.035386791
54,"Gilbert, Logan RHP",2023,1223,2922,41.9,312,6.1 ARM,17,0.349,0.353,0.3,17.7,95.7,98,2000,6.19,-1.04,7.5,1.012441931
45,"Weaver, Luke RHP",2023,984,2258,43.6,249,7.5 ARM,16,0.395,0.372,0.35,17.5,94,93.2,2395,5.78,-1.27,5.8,1.066935973
63,"Senga, Kodai RHP",2023,1033,2795,37,244,8.0 ARM,16.6,0.322,0.349,0.303,17.3,95.7,95.8,2283,5.9,-1.96,6.5,1.000969501
23,"Gausman, Kevin RHP",2023,1561,3069,50.9,411,10.6 ARM,16.9,0.307,0.346,0.307,17.2,94.7,94.8,2278,5.79,-2.37,6.5,0.9923651788
31,"Clevinger, Mike RHP",2023,1001,2100,47.7,279,7.2 ARM,17.4,0.362,0.335,0.323,16.9,94.3,95.1,2267,5.74,-1.64,6.8,0.9608159968
16,"Nelson, Ryne RHP",2023,1285,2355,54.6,354,4.1 ARM,18.1,0.384,0.385,0.32,16.7,94.4,95,2210,6.04,-1.05,6.7,1.104221369
50,"Williams, Trevor RHP",2023,1133,2622,43.2,331,6.4 ARM,11.3,0.38,0.368,0.296,16.7,89.7,90.5,2204,5.04,-2.34,6.7,1.055463543
21,"Muller, Kyle LHP",2023,751,1454,51.7,201,5.6 ARM,13.2,0.481,0.461,0.417,15.9,93.5,94.1,2410,6.04,1.77,6.5,1.322197536
67,"Lyles, Jordan RHP",2023,859,2817,30.5,233,6.1 ARM,16.3,0.317,0.344,0.214,15.5,91.2,92.3,2250,5.94,-1.59,6.9,0.9866289638
3,"Pallante, Andre RHP",2023,757,1139,66.5,217,2.8 ARM,8.9,0.302,0.302,0.28,14,96.1,94.7,2236,5.96,-1.99,6.5,0.8661684508
57,"Medina, Luis RHP",2023,808,1945,41.5,215,5.9 ARM,16.4,0.376,0.374,0.28,12.1,96.1,96.2,2324,6.26,-2.46,6.4,1.072672187
43,"Gomber, Austin LHP",2023,949,2160,43.9,241,7.1 ARM,17.1,0.45,0.438,0.33,11.8,90.6,91.4,2170,6.67,1.54,6.6,1.256231064
51,"France, J.P. RHP",2023,949,2202,43.1,250,1.5 ARM,15.5,0.382,0.418,0.315,10.6,93,92.9,2426,5.63,-1.48,6.2,1.198868915
41,"Lauer, Eric LHP",2022,1176,2676,43.9,268,9.8 ARM,16.9,0.283,0.271,0.255,29.8,93.3,92.8,2289,5.96,1.48,6.2,0.8163343233
20,"Cole, Gerrit RHP",2022,1698,3274,51.9,399,10.4 ARM,18.3,0.308,0.299,0.3,28.9,97.8,97.8,2428,5.78,-1.79,6.5,0.900678829
45,"Wheeler, Zack RHP",2022,998,2358,42.3,241,9.2 ARM,16.2,0.277,0.297,0.284,28.7,95.9,97.6,2392,5.56,-1.57,7.3,0.8946542215
53,"Woodruff, Brandon RHP",2022,977,2538,38.5,276,6.0 ARM,17.5,0.286,0.288,0.25,28.4,96.3,96.5,2350,5.89,-1.23,6.6,0.8675434875
15,"Greene, Hunter RHP",2022,1182,2200,53.7,283,11.7 ARM,16,0.374,0.36,0.318,28.3,98.9,98.8,2368,6,-2.36,6.4,1.084429359
6,"Rodón, Carlos LHP",2022,1826,2985,61.2,443,6.0 ARM,18.1,0.284,0.277,0.29,27.9,95.5,95.4,2349,6.57,1.85,6.2,0.834408146
19,"Mahle, Tyler RHP",2022,1093,2101,52,271,10.2 ARM,18.1,0.29,0.27,0.269,27.9,93.2,93.6,2293,5.62,-1.84,6.6,0.8133220195
2,"Strider, Spencer RHP",2022,1525,2277,67,357,5.1 ARM,17.7,0.261,0.28,0.297,27.7,98.2,99.2,2343,5.72,-2.06,6.9,0.8434450573
7,"Javier, Cristian RHP",2022,1535,2554,60.1,370,7.4 ARM,19,0.277,0.273,0.235,27.3,93.8,93.1,2354,5.65,-1.62,6,0.8223589309
38,"Kirby, George RHP",2022,950,2092,45.4,237,8.8 ARM,14.9,0.259,0.266,0.298,26.4,95.3,95.9,2179,5.88,-1.41,6.6,0.8012728044
58,"Manoah, Alek RHP",2022,1057,2949,35.8,264,5.5 ARM,16.9,0.278,0.312,0.259,26.1,93.9,94.3,2369,5.94,-2.32,6.7,0.9398387781
1,"Finnegan, Kyle RHP",2022,829,1053,78.7,207,11.6 ARM,15.3,0.281,0.271,0.276,25.9,97,97.5,2069,5.7,-1.72,6.6,0.8163343233
8,"Ryan, Joe RHP",2022,1438,2391,60.1,355,10.7 ARM,14.8,0.262,0.3,0.218,25.8,92,92.1,2194,5,-2.43,6.4,0.9036911328
50,"Ray, Robbie LHP",2022,1197,3047,39.3,327,6.7 ARM,18.1,0.307,0.289,0.279,25.8,93.4,93.2,2282,6.14,2.51,6.5,0.8705557913
5,"Kopech, Michael RHP",2022,1241,2011,61.7,292,9.9 ARM,18.7,0.296,0.314,0.22,25.6,94.9,95.1,2529,5.87,-2.09,6.7,0.9458633857
42,"Cortes, Nestor LHP",2022,1080,2465,43.8,274,4.1 ARM,19.8,0.202,0.24,0.21,25.3,91.8,90.9,2270,5.84,1,5.8,0.7229529062
65,"Nola, Aaron RHP",2022,1015,3039,33.4,225,13.1 ARM,15.4,0.269,0.28,0.244,24.2,92.8,93.5,2308,5.09,-1.94,7,0.8434450573
59,"McClanahan, Shane LHP",2022,877,2463,35.6,220,10.8 ARM,17.7,0.332,0.322,0.268,24.1,96.7,97.4,2233,6.3,0.75,6.8,0.9699618159
21,"Manaea, Sean LHP",2022,1277,2482,51.5,334,12.5 ARM,12.9,0.31,0.311,0.269,23.9,91.3,92.6,2001,5.27,2.97,7.2,0.9368264743
14,"Gilbert, Logan RHP",2022,1626,3015,53.9,418,6.4 ARM,17.8,0.333,0.339,0.309,23.7,96.1,98.1,2135,6.06,-1.02,7.4,1.02117098
51,"López, Pablo RHP",2022,1131,2910,38.9,290,4.5 ARM,13.3,0.324,0.316,0.324,23.4,93.5,94.5,2196,5.44,-2.11,6.9,0.9518879932
55,"Irvin, Cole LHP",2022,979,2610,37.5,260,9.9 ARM,16.2,0.283,0.299,0.272,23.4,90.7,90.8,1976,6.2,1.37,6.4,0.900678829
68,"Kelly, Merrill RHP",2022,945,3071,30.8,244,7.9 ARM,15.3,0.298,0.281,0.26,23.3,92.6,92.1,2360,5.48,-1.72,6.2,0.8464573611
47,"Cease, Dylan RHP",2022,1241,3120,39.8,268,3.0 ARM,18.9,0.337,0.32,0.287,23.2,96.8,96.3,2507,6.4,-1.33,6.1,0.9639372083
37,"Scherzer, Max RHP",2022,983,2167,45.4,232,11.1 ARM,16.2,0.28,0.332,0.227,23,94,93.3,2387,5.65,-3.21,6.2,1.000084854
27,"Urías, Julio LHP",2022,1291,2622,49.2,336,3.0 ARM,16.6,0.278,0.284,0.213,22.9,93.1,92.3,2521,5.94,1.64,5.7,0.8554942724
31,"Hearn, Taylor LHP",2022,858,1787,48,203,7.7 ARM,16.8,0.316,0.323,0.243,22.9,94.8,94.6,2321,6.3,2.59,6.4,0.9729741197
57,"Quintana, Jose LHP",2022,981,2724,36,262,2.4 ARM,15.2,0.258,0.281,0.267,22.9,91.2,91.5,2077,5.8,2.26,6.5,0.8464573611
17,"Rogers, Trevor LHP",2022,1023,1940,52.7,247,12.6 ARM,14.2,0.411,0.401,0.373,22.8,94.6,94.7,2423,5.74,2.49,6.6,1.207933814
61,"Taillon, Jameson RHP",2022,996,2805,35.5,240,5.7 ARM,17.7,0.338,0.345,0.325,22.7,94.1,94.6,2370,6.07,-1.41,6.6,1.039244803
11,"Snell, Blake LHP",2022,1300,2341,55.5,287,5.2 ARM,18.8,0.339,0.327,0.322,22.4,95.8,96.4,2434,6.6,2.09,6.8,0.9850233348
22,"Odorizzi, Jake RHP",2022,920,1798,51.2,232,9.8 ARM,17.4,0.337,0.344,0.306,22.2,92.1,91.7,2144,5.95,-1.03,6.1,1.036232499
40,"Detmers, Reid LHP",2022,961,2181,44.1,229,10.1 ARM,16.9,0.327,0.358,0.253,22.2,93.2,92.1,2102,5.99,1.92,5.8,1.078404752
4,"Burke, Brock LHP",2022,839,1330,63.1,214,10.3 ARM,16.4,0.285,0.291,0.259,21.6,95,96,2280,6.22,1.67,7,0.8765803988
71,"Mikolas, Miles RHP",2022,860,3152,27.3,217,4.9 ARM,14.9,0.27,0.29,0.275,21.6,93.5,93.7,2292,6.59,-2.01,6.4,0.8735680951
34,"Giolito, Lucas RHP",2022,1313,2753,47.7,320,5.4 ARM,18,0.349,0.336,0.337,21.3,92.6,93.5,2172,6.36,-1.39,6.9,1.012134069
23,"Pivetta, Nick RHP",2022,1572,3082,51,384,5.1 ARM,20.6,0.34,0.356,0.268,21.1,93.4,94,2310,6.6,-1.44,6.8,1.072380144
9,"Steele, Justin LHP",2022,1147,2032,56.4,274,1.6 GLV,12.6,0.365,0.336,0.376,20.3,92.2,92.5,2490,6.08,1.9,6.3,1.012134069
24,"Bubic, Kris LHP",2022,1143,2262,50.5,277,7.7 ARM,16.5,0.434,0.389,0.398,20.1,91.9,92.4,2134,5.72,1.64,6.6,1.171786169
16,"Williams, Trevor RHP",2022,743,1407,52.8,225,6.9 ARM,12.9,0.293,0.284,0.309,19.9,91.2,92,2242,5.01,-2.29,6.7,0.8554942724
64,"Morton, Charlie RHP",2022,977,2903,33.7,278,10.6 ARM,12.5,0.351,0.345,0.295,19.9,94.9,94.5,2373,5.49,-2.28,6.2,1.039244803
33,"Gallen, Zac RHP",2022,1410,2935,48,310,3.4 ARM,17.6,0.256,0.295,0.209,19.7,94.1,94.4,2420,5.95,-2.82,6.6,0.8886296139
10,"McKenzie, Triston RHP",2022,1575,2807,56.1,407,3.0 ARM,20.5,0.285,0.335,0.218,19.6,92.5,93,2312,6.49,-1.85,6.8,1.009121765
35,"Thompson, Keegan RHP",2022,891,1878,47.4,219,4.5 ARM,17.2,0.364,0.375,0.299,19.6,93.5,89,2369,5.78,-1.45,6.3,1.129613916
44,"Lynch IV, Daniel LHP",2022,1043,2435,42.8,252,6.8 ARM,15.6,0.356,0.376,0.351,19.4,94,95.2,2125,5.86,1.28,6.9,1.13262622
70,"Berríos, José RHP",2022,755,2721,27.7,204,10.6 ARM,14.5,0.44,0.406,0.387,19,94,94,2241,5.46,-2.76,6.4,1.222995333
18,"Urquidy, José RHP",2022,1392,2640,52.7,347,7.7 ARM,19.8,0.334,0.37,0.237,18.8,93.5,92.6,2201,6.44,-1.27,5.9,1.114552397
60,"Rasmussen, Drew RHP",2022,798,2239,35.6,205,2.3 ARM,16.5,0.262,0.272,0.262,18.7,95.5,95.7,2398,6.13,-1.71,6.5,0.8193466271
67,"Lyles, Jordan RHP",2022,949,2988,31.8,243,5.9 ARM,17.1,0.391,0.414,0.298,18.7,91.8,92.6,2204,6.12,-1.63,6.8,1.247093763
54,"Anderson, Tyler LHP",2022,979,2576,38,210,7.5 ARM,18,0.336,0.342,0.299,18.6,90.7,90.4,2231,6.14,1.68,6.1,1.030207891
46,"Garcia, Luis RHP",2022,1038,2468,42.1,289,7.5 ARM,18,0.374,0.361,0.303,18.2,94,93.5,2408,6.29,-1.49,6.1,1.087441663
26,"Verlander, Justin RHP",2022,1315,2607,50.4,317,9.5 ARM,19.2,0.241,0.299,0.212,18.1,95,94.2,2423,7,-1.52,6.1,0.900678829
32,"Anderson, Ian RHP",2022,962,2005,48,231,5.9 ARM,16.7,0.373,0.382,0.325,18.1,94,94.9,1938,6.24,-1.5,6.9,1.150700042
62,"Keller, Brad RHP",2022,804,2275,35.3,226,2.5 GLV,13,0.302,0.299,0.299,18.1,94.5,94.4,2409,6.26,-1.5,6,0.900678829
39,"Bradish, Kyle RHP",2022,886,1993,44.5,229,1.3 GLV,16.1,0.412,0.397,0.345,17.5,94.6,95.3,2305,6.4,-1.7,6.6,1.195884599
25,"Gray, Jon RHP",2022,1042,2062,50.5,267,11.4 ARM,12.7,0.332,0.342,0.322,17.4,95.9,96.2,2016,5.47,-1.97,6.5,1.030207891
52,"Gray, Josiah RHP",2022,1011,2597,38.9,233,10.0 ARM,17.8,0.475,0.427,0.223,17,94.4,92.7,2216,5.49,-1.48,5.6,1.286253712
28,"Kaprielian, James RHP",2022,1091,2230,48.9,273,7.6 ARM,15.6,0.357,0.377,0.263,16.6,94,93.4,2007,6.15,-2.54,6.1,1.135638524
48,"Bundy, Dylan RHP",2022,865,2180,39.7,219,4.5 ARM,19.3,0.343,0.343,0.253,16.6,89,88.2,2352,6.11,-1.68,5.9,1.033220195
29,"Gausman, Kevin RHP",2022,1358,2783,48.8,342,10.5 ARM,17.4,0.364,0.358,0.393,16.3,95,94.9,2265,6.03,-2.26,6.4,1.078404752
56,"Gonzales, Marco LHP",2022,1037,2838,36.5,272,12.2 ARM,14.7,0.339,0.368,0.242,15.6,88.5,88.7,1986,5.7,2.01,6.4,1.10852779
49,"Flexen, Chris RHP",2022,869,2204,39.4,221,2.3 ARM,19,0.4,0.396,0.309,15.4,91.7,90.9,2132,6.96,-0.86,6,1.192872295
69,"Márquez, Germán RHP",2022,851,2839,30,215,9.0 ARM,13.3,0.406,0.361,0.336,15.3,95.6,94.4,2138,5.99,-2.17,5.5,1.087441663
63,"Bieber, Shane RHP",2022,990,2875,34.4,246,8.5 ARM,17.6,0.34,0.38,0.331,15.1,91.3,91.9,2206,5.6,-1.24,6.7,1.144675435
3,"Adon, Joan RHP",2022,789,1204,65.5,208,10.7 ARM,15,0.409,0.414,0.321,15,95,94.7,2186,6.04,-2.52,6.4,1.247093763
66,"Fried, Max LHP",2022,915,2818,32.5,259,1.7 ARM,12.3,0.301,0.312,0.272,14.8,94,94.4,2139,6.09,1.21,6.4,0.9398387781
43,"Plesac, Zach RHP",2022,924,2153,42.9,214,7.4 ARM,18.8,0.384,0.414,0.293,14.7,91.9,91.6,2148,6.24,-0.27,6.2,1.247093763
36,"Heasley, Jonathan RHP",2022,829,1796,46.2,216,8.2 ARM,19,0.404,0.374,0.275,13.8,93.4,92.8,2322,6.09,-1.45,6.3,1.126601612
13,"Senzatela, Antonio RHP",2022,828,1521,54.4,213,3.4 ARM,11,0.446,0.376,0.413,12.6,94.2,94.3,2133,6.08,-2.19,6.1,1.13262622
12,"Pallante, Andre RHP",2022,955,1753,54.5,266,3.6 ARM,9,0.326,0.306,0.324,12.2,95.2,95.5,2221,5.82,-1.93,6.6,0.9217649555
30,"Espino, Paolo RHP",2022,899,1873,48,236,2.9 ARM,19,0.355,0.379,0.297,12.2,88.5,88.8,2228,5.81,-1.53,6.5,1.11600155
42,"Lynn, Lance RHP",2021,1051,2608,40.3,238,6.0 ARM,14.9,0.241,0.236,0.271,32.5,94,94.2,2407,5.62,-3.07,6.3,0.6949244479
22,"Peralta, Freddy RHP",2021,1218,2356,51.7,310,7.0 ARM,16.5,0.267,0.28,0.211,30.9,93.4,94.2,2370,5.06,-2.59,7.1,0.8244866331
12,"Scherzer, Max RHP",2021,1317,2821,46.7,299,10.6 ARM,16,0.273,0.285,0.246,30.8,94.3,94.1,2436,5.56,-3.22,6.2,0.8392096087
54,"Woodruff, Brandon RHP",2021,947,2810,33.7,260,6.3 ARM,16.6,0.264,0.283,0.324,30.5,96.5,96.4,2356,5.9,-1.43,6.5,0.8333204185
16,"Rodón, Carlos LHP",2021,1302,2219,58.7,301,7.9 ARM,17.6,0.264,0.279,0.26,29.7,95.4,95,2293,6.65,1.99,6.1,0.821542038
26,"Taillon, Jameson RHP",2021,1174,2372,49.5,306,3.4 ARM,17.9,0.285,0.293,0.236,28,93.9,94.6,2419,6.13,-1.58,6.7,0.8627663696
11,"Heaney, Andrew LHP",2021,1338,2330,57.4,287,15.3 ARM,15.2,0.367,0.328,0.319,27.8,92,91.5,2443,5.25,3.42,6.2,0.9658271988
40,"Kaprielian, James RHP",2021,1069,2024,52.8,276,8.5 ARM,15.3,0.35,0.331,0.304,27.8,93,92.5,2035,6.01,-2.5,6,0.9746609841
7,"Cole, Gerrit RHP",2021,1399,2969,47.1,312,12.0 ARM,18,0.283,0.295,0.297,27.6,97.7,97.9,2452,5.68,-1.92,6.6,0.8686555599
2,"Mahle, Tyler RHP",2021,1695,3196,53,389,12.1 ARM,17.1,0.335,0.306,0.344,27,94,94.5,2336,5.6,-1.77,6.6,0.9010461062
18,"Rogers, Trevor LHP",2021,1251,2169,57.7,325,11.1 ARM,14.8,0.3,0.305,0.326,26.8,94.5,94.8,2375,5.87,2.2,6.6,0.8981015111
41,"Javier, Cristian RHP",2021,1065,1792,59.4,271,7.9 ARM,18,0.345,0.4,0.264,26.4,93.5,92.8,2341,5.6,-1.52,6,1.177838047
9,"Wheeler, Zack RHP",2021,1359,3205,42.4,339,7.7 ARM,15.9,0.275,0.271,0.337,25.9,97.2,98.3,2388,5.68,-1.55,7.2,0.797985277
15,"Giolito, Lucas RHP",2021,1303,2970,43.9,270,6.7 ARM,19.1,0.33,0.341,0.29,25.6,93.8,94.7,2345,6.4,-1.5,6.8,1.004106935
70,"Rasmussen, Drew RHP",2021,781,1202,65,200,4.4 ARM,17.5,0.278,0.318,0.271,25,97.1,97.5,2437,6.12,-0.95,6.5,0.9363812476
64,"Ober, Bailey RHP",2021,856,1476,58,208,6.4 ARM,15.8,0.322,0.322,0.31,24.8,92.3,94.3,2177,5.8,-1.87,7.3,0.9481596281
57,"Walker, Taijuan RHP",2021,903,2547,35.5,234,9.4 ARM,17.3,0.317,0.326,0.25,24.3,94.5,94,2094,6.38,-1.81,6.1,0.9599380085
59,"Montas, Frankie RHP",2021,892,3028,29.5,234,7.1 ARM,17.4,0.292,0.332,0.252,24.3,96.4,95.9,2396,6.26,-1.16,6,0.9776055793
72,"Hoffman, Jeff RHP",2021,762,1360,56,208,10.4 ARM,18.3,0.394,0.375,0.306,24.1,94.3,94.5,2467,6.26,-1.55,6.5,1.104223169
1,"Ray, Robbie LHP",2021,1861,3141,59.2,471,8.2 ARM,17.1,0.307,0.327,0.252,24,94.8,94.9,2272,6.05,2.51,6.5,0.9628826037
37,"Skubal, Tarik LHP",2021,1090,2547,42.8,283,8.3 ARM,16.1,0.413,0.428,0.318,24,94.3,94,2192,6.34,3.02,6.2,1.260286711
39,"Morton, Charlie RHP",2021,1078,2987,36.1,248,13.0 ARM,12.5,0.292,0.309,0.301,23.5,95.5,95.5,2340,5.56,-1.99,6.3,0.9098798915
46,"Odorizzi, Jake RHP",2021,1020,1847,55.2,221,11.3 ARM,16.6,0.313,0.315,0.289,23.2,92.2,91.8,2113,5.88,-1.23,6.1,0.9275474622
65,"Patiño, Luis RHP",2021,827,1365,60.6,204,4.2 ARM,18.6,0.286,0.337,0.245,23.1,95.7,96.3,2415,5.96,-1.92,6.7,0.9923285548
8,"Cease, Dylan RHP",2021,1383,2957,46.8,352,4.5 ARM,18.8,0.355,0.384,0.297,23,96.7,96.2,2543,6.42,-1.55,6,1.130724525
36,"Nola, Aaron RHP",2021,1115,2971,37.5,225,13.3 ARM,14.2,0.344,0.359,0.307,22.4,92.9,93.8,2198,5.08,-1.8,6.9,1.057109647
63,"Stripling, Ross RHP",2021,859,1686,50.9,209,4.4 ARM,18.3,0.376,0.383,0.26,22.3,91.9,91.5,2178,6.93,-1.17,6,1.12777993
25,"Hill, Rich LHP",2021,1176,2496,47.1,278,9.2 ARM,19.3,0.354,0.34,0.317,22,88.1,88,2339,5.98,1.48,6.3,1.00116234
49,"Smith, Caleb LHP",2021,995,2067,48.1,226,11.5 ARM,18,0.359,0.361,0.262,21.7,91.4,90.2,2420,6.25,1.45,5.7,1.062998838
50,"Anderson, Tyler LHP",2021,970,2602,37.3,242,9.1 ARM,18.2,0.329,0.351,0.287,21.7,90.6,89.9,2291,6.06,2.13,6,1.033552887
14,"Gilbert, Logan RHP",2021,1307,2125,61.5,324,5.4 ARM,18,0.304,0.322,0.309,21.6,95.3,97.4,2200,6.01,-2.04,7.5,0.9481596281
21,"Snell, Blake LHP",2021,1232,2347,52.5,289,5.7 ARM,18.8,0.321,0.369,0.259,21.4,95.1,95.8,2399,6.6,1.94,6.8,1.086555599
34,"Means, John LHP",2021,1122,2328,48.2,239,6.7 ARM,20.1,0.331,0.37,0.224,21.2,92.8,92.3,2399,6.56,0.31,6.2,1.089500194
10,"Urías, Julio LHP",2021,1347,2786,48.3,350,3.8 ARM,17.3,0.346,0.331,0.327,21.1,94.1,93.1,2499,6.12,1.58,5.6,0.9746609841
29,"Paddack, Chris RHP",2021,1149,1869,61.5,246,9.5 ARM,17.5,0.373,0.364,0.357,21.1,94.8,95.4,2210,6.38,-2.39,6.8,1.071832623
45,"Anderson, Ian RHP",2021,1025,2175,47.1,246,5.4 ARM,17.4,0.284,0.318,0.256,21.1,94.6,95.8,2045,6.21,-1.48,7,0.9363812476
5,"Pivetta, Nick RHP",2021,1423,2745,51.8,336,5.1 ARM,19.7,0.34,0.323,0.317,20.9,94.8,95.3,2294,6.6,-1.65,6.6,0.9511042232
30,"Bubic, Kris LHP",2021,1144,2202,52,262,6.2 ARM,15.4,0.311,0.346,0.256,20.8,90.9,91,2073,5.72,1.41,6.6,1.018829911
4,"Happ, J.A. LHP",2021,1442,2674,53.9,336,7.9 ARM,17,0.377,0.365,0.294,20.3,91,90.7,2298,6.22,1.83,6.1,1.074777218
60,"Suter, Brent LHP",2021,883,1221,72.3,239,3.6 GLV,11.8,0.304,0.297,0.317,20.3,87.3,88.8,2163,6.18,2.78,7.2,0.8745447501
67,"Widener, Taylor RHP",2021,809,1217,66.5,202,5.8 ARM,15.3,0.372,0.394,0.28,20.2,92.6,93,2144,5.37,-2.49,6.6,1.160170477
6,"Buehler, Walker RHP",2021,1401,3152,44.4,335,3.1 ARM,18,0.293,0.331,0.241,20.1,95.3,95.5,2472,5.78,-0.82,6.4,0.9746609841
27,"Lyles, Jordan RHP",2021,1168,2964,39.4,283,7.0 ARM,18.1,0.412,0.387,0.298,20,93,93.8,2278,6.13,-0.88,6.8,1.139558311
47,"Akin, Keegan LHP",2021,1011,1768,57.2,231,10.7 ARM,18.1,0.33,0.352,0.286,20,92,91.1,2337,5.91,2.4,5.9,1.036497482
58,"Urquidy, José RHP",2021,896,1631,54.9,227,7.8 ARM,19.4,0.294,0.334,0.249,19.8,92.5,91.9,2213,6.45,-1.31,6,0.9834947695
3,"Gausman, Kevin RHP",2021,1583,3002,52.7,421,10.4 ARM,16.4,0.316,0.352,0.292,19.5,94.6,94.8,2283,6.05,-2.5,6.5,1.036497482
19,"Eovaldi, Nathan RHP",2021,1237,2927,42.3,282,12.2 ARM,14.4,0.352,0.314,0.391,19.4,96.8,97.5,2113,5.59,-2.19,6.7,0.9246028671
68,"McClanahan, Shane LHP",2021,799,1954,40.9,204,10.5 ARM,16.3,0.378,0.41,0.333,19.3,96.4,96.8,2256,6.31,0.68,6.7,1.207283998
23,"McKenzie, Triston RHP",2021,1216,1975,61.6,322,3.4 ARM,19.8,0.348,0.364,0.237,19.2,92.1,93,2256,6.3,-1.77,6.8,1.071832623
75,"Williams, Trevor RHP",2021,743,1537,48.3,219,3.9 ARM,12.5,0.35,0.335,0.348,19.2,91.5,92.7,2221,5.19,-2.02,6.8,0.9864393646
35,"Garcia, Luis RHP",2021,1118,2502,44.7,299,5.0 ARM,18.5,0.379,0.388,0.337,19.1,93.3,93,2354,6.04,-1.56,6.2,1.142502906
33,"Minor, Mike LHP",2021,1123,2621,42.8,278,1.9 ARM,14.7,0.332,0.315,0.275,18.9,90.9,90.1,2544,5.99,0.81,5.6,0.9275474622
69,"McGee, Jake LHP",2021,791,878,90.1,215,11.5 ARM,15.4,0.244,0.279,0.216,18.9,94.9,94.6,2143,5.72,1.93,6.2,0.821542038
38,"Irvin, Cole LHP",2021,1087,2682,40.5,281,8.2 ARM,16.6,0.307,0.332,0.299,18.7,90.8,90.7,1956,6.31,1.58,6.2,0.9776055793
51,"Allard, Kolby LHP",2021,964,2054,46.9,264,7.9 ARM,17,0.312,0.334,0.247,18.7,91.5,91.4,2121,5.48,2.16,6.2,0.9834947695
53,"Ryu, Hyun Jin LHP",2021,948,2689,35.3,205,11.9 ARM,13,0.35,0.364,0.295,18.4,89.9,90.2,1944,5.86,2.16,6.5,1.071832623
32,"Flexen, Chris RHP",2021,1124,2811,40,257,2.1 ARM,18.4,0.342,0.333,0.331,18,92.8,92.2,2107,6.9,-0.75,6,0.9805501744
66,"Rodríguez, Richard RHP",2021,813,944,86.1,222,13.4 ARM,15.2,0.277,0.333,0.227,17.9,93.1,93.7,2438,5.85,-2.97,6.8,0.9805501744
20,"Richards, Garrett RHP",2021,1236,2331,53,355,1.3 GLV,8.7,0.378,0.394,0.333,17.8,94.3,94,2468,5.75,-2.42,6,1.160170477
43,"Keller, Mitch RHP",2021,1050,1858,56.5,252,6.6 ARM,15.7,0.387,0.369,0.373,17.8,93.8,93.6,2354,6.19,-1.7,6.1,1.086555599
28,"Gonzales, Marco LHP",2021,1168,2324,50.3,260,10.7 ARM,17.5,0.349,0.365,0.231,17.3,88.4,88.6,2143,5.8,2.17,6.4,1.074777218
24,"Gray, Jon RHP",2021,1208,2537,47.6,309,12.9 ARM,11,0.396,0.361,0.374,17.1,94.9,95.4,2152,5.5,-2.06,6.5,1.062998838
56,"Plesac, Zach RHP",2021,919,2205,41.7,214,8.7 ARM,17,0.426,0.428,0.333,17,92.8,92.8,2047,6.07,-0.74,6.2,1.260286711
61,"Weathers, Ryan LHP",2021,875,1617,54.1,216,12.2 ARM,14,0.413,0.384,0.345,16.7,93.9,92.9,2065,5.66,1.81,5.7,1.130724525
48,"Fried, Max LHP",2021,998,2558,39,294,1.4 ARM,12.7,0.315,0.32,0.286,16.4,94,94.4,2114,6.12,1.19,6.4,0.9422704378
31,"Gallen, Zac RHP",2021,1129,2102,53.7,272,3.4 ARM,17.4,0.295,0.315,0.272,15.3,93.4,93.9,2324,5.94,-3.01,6.7,0.9275474622
74,"Harvey, Matt RHP",2021,760,2232,34.1,202,12.3 ARM,14.5,0.395,0.417,0.353,15.3,93.4,92.7,2157,6.2,-2.17,6,1.227896164
55,"Pineda, Michael RHP",2021,925,1707,54.2,243,6.5 ARM,14.3,0.345,0.379,0.298,14.6,90.6,90.6,1946,6.44,-2.3,6.3,1.11600155
73,"González, Chi Chi RHP",2021,761,1635,46.5,200,2.8 ARM,11.5,0.398,0.392,0.352,14.6,91.9,91.8,2337,6,-1.79,5.9,1.154281286
62,"Gutierrez, Vladimir RHP",2021,865,1831,47.2,226,10.3 ARM,14.8,0.401,0.373,0.318,14.1,93.2,93.4,2167,5.38,-2.04,6.5,1.098333979
17,"Márquez, Germán RHP",2021,1269,2788,45.5,331,6.0 ARM,11.5,0.355,0.401,0.276,14,94.8,93.7,2078,6.11,-1.84,5.4,1.180782642
13,"Senzatela, Antonio RHP",2021,1311,2405,54.5,352,4.9 ARM,11,0.315,0.331,0.317,13.8,94.6,94.8,2096,5.93,-2.58,6.2,0.9746609841
44,"Greinke, Zack RHP",2021,1026,2577,39.8,255,1.3 ARM,16.5,0.338,0.355,0.273,11.9,88.9,88.6,2234,6.41,-1.22,6,1.045331267
52,"Espino, Paolo RHP",2021,958,1735,55.2,243,3.5 ARM,19.2,0.358,0.363,0.294,11.8,89,89.4,2216,5.72,-1.17,6.6,1.068888028
71,"Corbin, Patrick LHP",2021,777,2750,28.3,205,8.1 ARM,15,0.399,0.407,0.342,11.8,92.3,93,2148,6.44,2.14,6,1.198450213
3,"Cole, Gerrit RHP",2019,1733,3362,51.5,401,11.4 ARM,18.4,0.254,0.245,0.256,37.5,97.1,96.8,2530,5.85,-2.02,6.3,0.7194294903
4,"Verlander, Justin RHP",2019,1617,3448,46.9,328,10.1 ARM,20.6,0.342,0.334,0.259,31,94.6,93.6,2577,7,-1.64,6,0.9807732644
1,"Lynn, Lance RHP",2019,1858,3553,52.3,458,6.2 ARM,14.6,0.294,0.293,0.287,30.5,94.6,94.8,2482,5.64,-3.24,6.3,0.8603789415
5,"Odorizzi, Jake RHP",2019,1614,2787,57.9,372,10.6 ARM,16.7,0.287,0.295,0.292,30.5,92.9,92.3,2236,6.01,-1.15,5.9,0.8662518353
81,"Estévez, Carlos RHP",2019,837,1240,67.5,209,6.0 ARM,14.8,0.357,0.341,0.314,30.4,97.8,98,2248,5.82,-2.3,6.1,1.001328393
49,"Clevinger, Mike RHP",2019,1067,2090,51.1,255,5.3 ARM,17.3,0.268,0.285,0.285,30,95.4,96.4,2341,5.63,-1.39,6.7,0.8368873663
33,"Peralta, Freddy RHP",2019,1243,1599,77.7,301,7.2 ARM,15.9,0.35,0.323,0.352,29.4,93.6,95,2454,5.19,-2.38,7,0.9484723485
22,"Rodriguez, Eduardo LHP",2019,1354,3495,38.7,270,8.9 ARM,14,0.351,0.337,0.358,29.2,93,92.5,2202,5.78,1.92,5.9,0.9895826051
51,"Pomeranz, Drew LHP",2019,1022,1956,52.2,251,6.1 ARM,19.5,0.325,0.316,0.28,29.1,92.8,90.8,2436,6.47,2.4,5.1,0.9279172202
75,"Hendriks, Liam RHP",2019,913,1354,67.4,204,5.9 ARM,18.6,0.28,0.27,0.318,29.1,96.5,96.8,2381,6.14,-1.62,6.5,0.7928406628
69,"Morton, Charlie RHP",2019,936,3139,29.8,224,13.6 ARM,12.7,0.296,0.289,0.336,28.9,94.7,94.1,2259,5.78,-1.88,6,0.8486331539
77,"Sale, Chris LHP",2019,883,2466,35.8,223,14.8 ARM,12.3,0.295,0.287,0.355,28.5,93.4,92.7,2383,5.44,3.13,6,0.8427602601
52,"Green, Chad RHP",2019,1019,1320,77.2,225,6.9 ARM,17.6,0.329,0.321,0.359,28.1,96.4,96.4,2465,6.05,-2.07,6.3,0.9425994547
24,"Scherzer, Max RHP",2019,1341,2770,48.4,306,12.2 ARM,14.2,0.29,0.288,0.304,27.4,94.9,94.2,2474,5.24,-3.49,6,0.845696707
74,"Snell, Blake LHP",2019,914,1891,48.3,216,6.3 ARM,18.9,0.305,0.265,0.378,27.1,95.5,96,2353,6.78,1.66,6.6,0.7781584283
66,"Wheeler, Zack RHP",2019,947,3159,30,200,10.5 ARM,15.5,0.279,0.289,0.333,27,96.8,97.9,2341,5.77,-1.5,6.8,0.8486331539
9,"deGrom, Jacob RHP",2019,1536,3297,46.6,287,5.7 ARM,16.3,0.292,0.295,0.275,26.9,96.9,98.1,2388,5.62,-1.23,6.8,0.8662518353
55,"Richards, Trevor RHP",2019,999,2290,43.6,212,7.9 ARM,18,0.341,0.358,0.333,26.6,90.8,91,2139,6.11,-1.4,6.4,1.05124799
7,"Giolito, Lucas RHP",2019,1548,2814,55,374,7.6 ARM,18.2,0.278,0.289,0.269,26,94.2,94.9,2333,6.56,-1.26,6.7,0.8486331539
28,"Happ, J.A. LHP",2019,1304,2696,48.4,310,8.1 ARM,17.4,0.367,0.36,0.24,25,92,91.5,2319,6.16,1.85,6,1.057120884
14,"Smith, Caleb LHP",2019,1431,2661,53.8,314,14.7 ARM,17,0.329,0.351,0.218,24.7,91.6,89.4,2425,6.29,1.72,5.1,1.030692862
26,"Velasquez, Vince RHP",2019,1324,2120,62.5,332,4.1 ARM,17,0.322,0.338,0.25,24.6,94.2,94.6,2398,5.69,-2.28,6.5,0.992519052
10,"Buehler, Walker RHP",2019,1505,2838,53,334,4.8 ARM,17.6,0.262,0.281,0.256,24.5,96.5,96.8,2456,5.9,-0.97,6.3,0.8251415787
6,"Paxton, James LHP",2019,1596,2665,59.9,347,11.4 ARM,15.4,0.352,0.334,0.307,24.4,95.4,95.5,2263,6.1,2.38,6.3,0.9807732644
76,"Syndergaard, Noah RHP",2019,906,3095,29.3,209,6.1 ARM,14.6,0.33,0.298,0.317,24.3,97.8,98.2,2197,6.4,-1.14,6.5,0.875061176
8,"Boyd, Matthew LHP",2019,1544,3118,49.5,398,10.2 ARM,15,0.354,0.319,0.309,24,92.1,92.2,2384,5.59,2.33,6.2,0.9367265609
54,"Berríos, José RHP",2019,1009,3132,32.2,255,9.9 ARM,14.4,0.31,0.301,0.329,23.9,93.1,93.5,2190,5.51,-3.43,6.5,0.8838705167
60,"Strasburg, Stephen RHP",2019,969,3384,28.6,244,9.6 ARM,14.8,0.323,0.303,0.292,23.9,93.9,94.9,2167,5.84,-2.4,6.8,0.8897434105
11,"Minor, Mike LHP",2019,1497,3358,44.6,340,4.1 ARM,15.4,0.318,0.319,0.279,23.3,92.5,92,2650,5.93,1.18,5.9,0.9367265609
17,"Paddack, Chris RHP",2019,1392,2280,61.1,312,7.6 ARM,18,0.275,0.28,0.243,23.2,93.9,94.6,2230,6.3,-2.48,6.7,0.8222051318
37,"Williams, Trevor RHP",2019,1208,2327,51.9,323,6.4 ARM,13.8,0.349,0.338,0.309,23.1,91.7,92.5,2203,5.53,-1.94,6.6,0.992519052
39,"Turnbull, Spencer RHP",2019,1190,2661,44.7,284,2.2 ARM,11.4,0.318,0.343,0.304,23.1,93.6,93.5,2396,5.72,-1.75,6.1,1.007201286
56,"Anderson, Chase RHP",2019,998,2392,41.7,261,8.7 ARM,16.9,0.358,0.348,0.309,22.7,93.3,92.5,2166,6.04,-1.74,5.7,1.021883521
65,"Doolittle, Sean LHP",2019,947,1075,88.1,232,3.8 ARM,19.6,0.324,0.318,0.311,22.5,93.5,93.2,2215,5.96,2.16,6.1,0.933790114
27,"Ray, Robbie LHP",2019,1307,3064,42.7,303,7.1 ARM,18.2,0.308,0.319,0.294,22,92.4,92.3,2257,6.34,2.01,6.2,0.9367265609
12,"Flaherty, Jack RHP",2019,1476,3179,46.4,399,4.8 ARM,14.4,0.261,0.309,0.232,21.9,94.3,95.4,2222,5.35,-2.53,6.7,0.9073620919
16,"Bauer, Trevor RHP",2019,1417,3687,38.4,349,9.7 ARM,17,0.399,0.399,0.276,21.8,94.5,94.6,2412,5.55,-1.41,6.2,1.171642313
38,"Lyles, Jordan RHP",2019,1194,2456,48.6,269,6.9 ARM,16.4,0.33,0.337,0.249,21.8,92.6,93.6,2162,6.17,-1.66,6.7,0.9895826051
18,"Bumgarner, Madison LHP",2019,1387,3244,42.8,330,9.1 ARM,15.6,0.321,0.325,0.275,21.7,91.4,91.7,2405,5.81,2.93,6.4,0.9543452423
78,"Eflin, Zach RHP",2019,865,2571,33.6,233,9.3 ARM,13.2,0.322,0.323,0.277,21.7,93.8,94.2,2186,5.76,-2.73,6.5,0.9484723485
68,"Gausman, Kevin RHP",2019,937,1671,56.1,258,10.9 ARM,15.6,0.39,0.392,0.373,21.6,93.9,93.7,2249,5.99,-2.6,6.1,1.151087185
58,"Quintana, Jose LHP",2019,992,2826,35.1,240,4.4 ARM,15.7,0.324,0.331,0.365,21.5,91.4,91.9,2016,5.95,2.49,6.5,0.9719639237
62,"DeSclafani, Anthony RHP",2019,963,2668,36.1,221,9.6 ARM,16.1,0.325,0.328,0.279,21.4,94.7,95,2249,5.79,-1.45,6.4,0.963154583
67,"Rodríguez, Richard RHP",2019,942,1162,81.1,232,13.7 ARM,15.1,0.322,0.328,0.284,21.4,93.2,93.3,2506,5.96,-3.22,6.4,0.963154583
34,"Mahle, Tyler RHP",2019,1221,2211,55.2,283,11.7 ARM,14,0.32,0.315,0.318,21.3,93.3,93.7,2161,5.57,-3.02,6.5,0.9249807733
25,"Lauer, Eric LHP",2019,1332,2510,53.1,325,9.2 ARM,17,0.308,0.303,0.314,21,91.8,91.1,2216,6.22,2.23,5.9,0.8897434105
47,"Kelly, Merrill RHP",2019,1106,2962,37.3,264,4.7 ARM,15.3,0.315,0.353,0.282,20.2,92,91.9,2411,5.69,-1.81,6.2,1.036565755
15,"Fried, Max LHP",2019,1418,2670,53.1,371,3.3 ARM,12.1,0.361,0.357,0.351,20.1,93.8,94.2,2077,6.06,1.38,6.2,1.048311543
40,"Pineda, Michael RHP",2019,1182,2278,51.9,288,6.1 ARM,13.6,0.327,0.345,0.307,19.8,92.5,92.5,1999,6.55,-2.26,6.2,1.01307418
2,"López, Reynaldo RHP",2019,1850,3163,58.5,490,10.0 ARM,15.1,0.356,0.36,0.343,19.5,95.4,95.2,2137,6.12,-1.81,6.1,1.057120884
31,"Teheran, Julio RHP",2019,1265,3036,41.7,283,6.4 ARM,12.4,0.345,0.355,0.252,19.5,89.7,89.7,2400,4.91,-2.6,6.1,1.042438649
64,"Duffy, Danny LHP",2019,956,2161,44.2,261,7.2 ARM,17.1,0.342,0.372,0.306,19.5,92.3,93.1,2242,5.86,1.55,6.6,1.092358247
84,"Newcomb, Sean LHP",2019,770,1181,65.2,200,5.5 ARM,16.8,0.341,0.322,0.311,19.5,94.3,93.2,2240,6.5,1.78,5.6,0.9455359016
41,"Nola, Aaron RHP",2019,1180,3332,35.4,252,12.9 ARM,13,0.375,0.368,0.315,19.1,93.1,93.8,2171,4.92,-1.86,6.7,1.080612459
53,"Brault, Steven LHP",2019,1013,2001,50.6,254,9.3 ARM,12.2,0.375,0.366,0.333,19,92.1,93.2,2068,5.38,2.87,6.8,1.074739565
80,"Sanchez, Aaron RHP",2019,838,2305,36.4,219,13.7 ARM,13.9,0.431,0.413,0.357,18.9,93.4,93.7,2253,5.78,-1.96,6.4,1.212752569
71,"Porcello, Rick RHP",2019,931,2960,31.5,238,9.0 ARM,15.4,0.33,0.347,0.313,18.8,91,90.8,2434,6.19,-1.63,6.1,1.018947074
83,"Beeks, Jalen LHP",2019,801,1821,44,200,5.2 ARM,16.8,0.398,0.403,0.366,18.5,92,91.9,2005,6.15,0.51,6.2,1.1833881
42,"Bundy, Dylan RHP",2019,1178,2778,42.4,275,5.2 ARM,19,0.427,0.377,0.352,18.2,91.1,90.3,2458,6.24,-2.45,5.8,1.107040481
45,"Keller, Brad RHP",2019,1131,2711,41.7,291,0.0 GLV,14.2,0.344,0.381,0.309,18.2,93.7,93.5,2295,6.21,-1.57,6,1.118786269
21,"Means, John LHP",2019,1362,2681,50.8,254,5.9 ARM,19.8,0.325,0.334,0.316,18,91.7,91,2376,6.69,0.61,5.9,0.9807732644
30,"Greinke, Zack RHP",2019,1272,3113,40.9,257,2.0 ARM,16.5,0.291,0.302,0.278,18,89.9,89.5,2326,6.36,-1.26,5.9,0.8868069636
43,"Cashner, Andrew RHP",2019,1138,2511,45.3,251,7.9 ARM,17.1,0.367,0.376,0.36,18,93.9,92.3,2204,6.57,-0.84,5.3,1.104104034
36,"Thornton, Trent RHP",2019,1212,2759,43.9,290,3.7 ARM,16.3,0.377,0.379,0.29,17.9,92.9,92.4,2372,5.48,-1.01,5.9,1.112913375
46,"Kershaw, Clayton LHP",2019,1130,2672,42.3,247,1.2 GLV,19.1,0.314,0.321,0.225,17.5,90.3,90.2,2477,6.32,1.44,6.2,0.9425994547
72,"Fiers, Mike RHP",2019,929,2899,32,222,8.9 ARM,18.8,0.316,0.359,0.247,17,90.4,89.7,2322,6.28,-1.07,5.9,1.054184437
59,"Junis, Jakob RHP",2019,984,2926,33.6,246,6.0 ARM,14,0.431,0.441,0.335,16.3,91.7,91.3,2079,5.82,-2.13,5.9,1.294973083
61,"Plutko, Adam RHP",2019,967,1794,53.9,235,4.2 ARM,18.5,0.356,0.357,0.305,16.3,91.1,90.7,2265,6.12,-1.67,6,1.048311543
44,"Beede, Tyler RHP",2019,1137,2028,56.1,311,10.5 ARM,14.1,0.357,0.384,0.292,16.1,94.2,94.1,2320,5.82,-2.56,6.1,1.127595609
70,"Alcantara, Sandy RHP",2019,933,3091,30.2,266,9.3 ARM,15,0.311,0.338,0.264,16,95.6,94.5,2356,5.98,-2.42,5.7,0.992519052
29,"Kikuchi, Yusei LHP",2019,1286,2721,47.3,321,5.7 ARM,15.7,0.41,0.376,0.323,15.9,92.5,93,2096,5.89,2.36,6.5,1.104104034
23,"Bailey, Homer RHP",2019,1349,2836,47.6,351,8.0 ARM,14.9,0.339,0.379,0.313,15.6,93,93.5,2092,6.36,-2.16,6.5,1.112913375
32,"Gonzales, Marco LHP",2019,1246,3232,38.6,290,11.3 ARM,16.2,0.329,0.354,0.295,15.5,88.9,88.8,2252,5.75,2.4,6.2,1.039502202
79,"Lester, Jon LHP",2019,862,3043,28.3,218,7.3 ARM,15.5,0.374,0.376,0.34,15.4,90.6,90.7,2251,5.64,2.75,6.3,1.104104034
73,"Márquez, Germán RHP",2019,927,2616,35.4,225,7.3 ARM,13.3,0.351,0.381,0.313,15.2,95.7,94.2,2225,6.17,-2.47,5.2,1.118786269
57,"Musgrove, Joe RHP",2019,997,2657,37.5,235,5.2 ARM,12.7,0.371,0.377,0.3,14.9,92.7,92,2419,6.65,-1.6,5.7,1.107040481
63,"Plesac, Zach RHP",2019,957,1892,50.6,235,9.3 ARM,16.6,0.345,0.394,0.28,14.8,93.9,93.3,2133,6.12,-1.1,5.9,1.156960078
20,"Sparkman, Glenn RHP",2019,1380,2275,60.7,360,10.2 ARM,14,0.365,0.372,0.312,14.7,93.4,93.9,2251,5.5,-1.81,6.5,1.092358247
35,"Gray, Jon RHP",2019,1216,2373,51.2,316,11.0 ARM,11.4,0.405,0.408,0.36,13.8,96,96.1,2066,5.91,-2.06,6.1,1.198070335
13,"Bieber, Shane RHP",2019,1474,3332,44.2,379,8.3 ARM,17.8,0.305,0.344,0.268,13.7,93.1,93.4,2254,5.75,-1.37,6.4,1.010137733
19,"Senzatela, Antonio RHP",2019,1385,2237,61.9,353,5.0 ARM,11,0.403,0.386,0.361,12.9,93.7,94.1,2102,6.13,-2.34,6.2,1.133468503
50,"Norris, Daniel LHP",2019,1061,2361,44.9,265,6.6 ARM,16.9,0.409,0.405,0.31,12.8,90.8,89.7,2385,6.03,1.76,5.5,1.189260994
48,"Wacha, Michael RHP",2019,1089,2199,49.5,294,6.8 ARM,17,0.4,0.396,0.328,11.9,93,93.9,2032,6.62,-0.96,6.6,1.162832972
82,"Lambert, Peter RHP",2019,833,1582,52.7,210,8.1 ARM,14.8,0.397,0.388,0.31,9.4,92.7,92.1,2256,6.37,-1.56,5.6,1.139341397