Season,Name,Team,Age,IP,FA% (sc),FT% (sc),FC% (sc),FS% (sc),FO% (sc),SI% (sc),SL% (sc),CU% (sc),KC% (sc),EP% (sc),CH% (sc),SC% (sc),KN% (sc),UN% (sc),vFA (sc),vFT (sc),vFC (sc),vFS (sc),vFO (sc),vSI (sc),vSL (sc),vCU (sc),vKC (sc),vEP (sc),vCH (sc),vSC (sc),vKN (sc),FA-X (sc),FT-X (sc),FC-X (sc),FS-X (sc),FO-X (sc),SI-X (sc),SL-X (sc),CU-X (sc),KC-X (sc),EP-X (sc),CH-X (sc),SC-X (sc),KN-X (sc),FA-Z (sc),FT-Z (sc),FC-Z (sc),FS-Z (sc),FO-Z (sc),SI-Z (sc),SL-Z (sc),CU-Z (sc),KC-Z (sc),EP-Z (sc),CH-Z (sc),SC-Z (sc),KN-Z (sc),wFA/C (sc),wFT/C (sc),wFC/C (sc),wFS/C (sc),wFO/C (sc),wSI/C (sc),wSL/C (sc),wCU/C (sc),wKC/C (sc),wEP/C (sc),wCH/C (sc),wSC/C (sc),wKN/C (sc),O-Swing% (sc),Z-Swing% (sc),Swing% (sc),O-Contact% (sc),Z-Contact% (sc),Contact% (sc),Zone% (sc),Stf+ CH,Stf+ CU,Stf+ FA,Stf+ SI,Stf+ SL,Stf+ KC,Stf+ FC,Stf+ FS,Stuff+,Stf+ FO,NameASCII,PlayerId,MLBAMID
2023,"Kodai Senga","NYM",30,166.1,0.3708,,0.2479,,0.2372,,0.1179,0.0262,,,,,,,95.64695803140097,,90.82818144869943,,83.23232746412387,,82.72431848404256,72.72602739726027,,,,,,-5.115681140549517,,-0.2675317973759822,,-4.74684276753682,,3.347112313592325,1.4244657542607555,,,,,,9.797197690217391,,5.874205131751264,,1.6254683664558156,,-0.22734164901779777,-6.634712532775043,,,,,,0.23645584997923477,,2.4392790790927203,,0.94939968365827,,-0.9098605295263887,-0.35263399963509545,,,,,,0.2822,0.6568,0.4504,0.4885,0.8445,0.7216,0.4489,,89.57260273972602,109.33323671497583,,99.63309352517986,,92.97572254335262,,97.39797297297294,83.00528700906344,"Kodai Senga",31838,673540
2021,"Zack Greinke","HOU",37,171,0.402,,,,,0.057,0.1517,0.1638,,0.0008,0.2224,,,,88.8635104853214,,,,,89.53060959796517,83.58439999163303,71.18933557447099,,52.20000076293945,86.35933409685863,,,-1.1196428947006873,,,,,-7.841496331351144,3.9544757028369952,6.147203721141363,,1.590000033378601,-7.526072929874973,,,9.711669958696403,,,,,6.8601358731587725,2.1639386638046227,-6.118625475897043,,11.03499984741211,3.068097715394451,,,0.28748055272753636,,,,,-1.850255568619488,-0.5434097088587558,0.17983449790715042,,4.47931345552206,1.5380665107287246,,,0.2973,0.6432,0.4594,0.6167,0.8945,0.799,0.4688,109.0547993019197,101.87464454976303,83.33629343629343,83.18639455782312,99.79539641943738,,,,94.59337239940524,,"Zack Greinke",1943,425844
2021,"Adam Wainwright","STL",39,206.1,0.0945,,0.2197,,,0.2806,,0.337,,,0.0639,,,,89.0279296875,,84.94035724221068,,,89.05458768873403,,73.47610916344294,,,82.74081732302295,,,-1.3705862111058729,,3.130029514210868,,,-7.665435472016551,,9.156605113636363,,,-8.15913235411352,,,8.550931101831896,,3.9326559457297847,,,7.333519345238095,,-8.516431561291103,,,4.674387717733578,,,-1.5723897940639793,,0.40864945010721504,,,2.029141076298541,,1.410744097840394,,,0.5081824445146688,,,0.255,0.5926,0.4338,0.5951,0.8962,0.8129,0.5297,86.5673469387755,141.4694390715667,78.11,81.18257839721254,,,84.7246290801187,,102.41752712923382,,"Adam Wainwright",2233,425794
2021,"Max Scherzer","- - -",36,179.1,0.4667,,0.0904,,,,0.1957,0.0982,,,0.1491,,,,94.2977860613567,,90.22283310777559,,,,85.89818181818181,76.86267974411231,,,84.9816201148568,,,-7.021021214927115,,-1.6514566977193037,,,,0.5734727200594816,6.82235496631567,,,-9.4721242681608,,,9.322728598990091,,5.16956683782142,,,,2.8568909801136364,-4.6427174443783965,,,2.4261336224175865,,,1.5268522377194065,,-0.7305807016027255,,,,2.7969667450948195,-0.027601991820594536,,,1.4142948316147903,,,0.3017,0.683,0.5041,0.4447,0.7763,0.6831,0.5308,81.63317422434368,89.76376811594203,118.43727134146343,,125.53109090909092,,99.64960629921259,,109.74201795206565,,"Max Scherzer",3137,453286
2021,"Charlie Morton","ATL",37,185.2,0.3599,,0.0854,,,0.1346,,0.3669,,,0.0532,,,,95.52279069767442,,87.4835324754902,,,94.64577503109453,,80.64334084169708,,,86.43081761006289,,,-8.031404433139535,,0.6856862984451593,,,-10.540795776974502,,8.735502145586223,,,-10.820125939711085,,,7.336883630087209,,2.285333371629902,,,3.643855612076337,,-5.763658955149407,,,1.943521943482213,,,0.8450204740430034,,0.31245852656224193,,,-0.9491786434875792,,2.4994700678019193,,,0.3082858175976471,,,0.2561,0.6341,0.4566,0.4234,0.8398,0.7302,0.5306,99.20628930817611,149.19279197080292,91.68437209302328,92.20845771144279,,,91.9278431372549,,113.27752093802341,,"Charlie Morton",4676,450203
2021,"Jordan Lyles","TEX",30,180,0.3947,,0.0283,,,0.0894,0.2321,0.1825,,,0.0729,,,,93.03598298944979,,86.2750011625744,,,91.63547179024175,83.33836968000546,80.27116577374076,,,86.35787059642651,,,-4.303435757628873,,2.8441665967305503,,,-7.747245155190522,5.369128027627634,3.702033277359996,,,-7.963287000302915,,,10.555675539196047,,1.150119083268302,,,7.3729055440650795,0.41768894361895187,-8.172569430028664,,,5.579953476234719,,,-1.363400658353781,,-4.938178194598073,,,1.8412137917190228,0.6860419528472216,-1.6631727229094548,,,-0.24179382663634091,,,0.2785,0.6811,0.4787,0.5807,0.8625,0.7801,0.4973,80.18194444444444,103.61256931608132,83.92068376068376,89.18943396226415,103.42864026507222,,57.11666666666667,,93.43043093072751,,"Jordan Lyles",7593,543475
2021,"Wade Miley","CIN",34,163,0.1632,,0.4657,,,0.0112,0.0513,0.0343,,,0.2735,,,,89.86264406028369,,85.38193869096935,,,88.73792766702586,79.16842398966165,74.76179555828652,,,81.92143974788435,,,2.127044894171099,,-1.6493123203836992,,,8.119999852673761,-5.853458720042293,-5.525617963812325,,,8.897573882669253,,,9.797541047946217,,4.288558441642502,,,7.751379078832166,2.551578837229793,-4.730000013715766,,,4.2818336648228135,,,0.6557924615716821,,0.03426465936554496,,,-0.651248531608746,-0.5091379207551927,-1.8849907631284735,,,0.4527703132506654,,,0.2741,0.7008,0.4684,0.6796,0.8319,0.7834,0.4552,109.36403385049366,84.4988764044944,85.6260047281324,77.3103448275862,115.5714285714286,,102.41217895608948,,101.27888198757768,,"Wade Miley",8779,489119
2021,"Nathan Eovaldi","BOS",31,182.1,0.4226,,0.1254,0.1271,,,0.1373,0.1876,,,,,,,96.84882780921585,,92.49618954359673,87.89838499663979,,,85.79627254353234,78.54626309198542,,,,,,-7.663759347210994,,-0.3740871751665744,-6.868548649613575,,,2.6673134571284205,4.993023537112933,,,,,,8.357073722968876,,6.836785007237738,1.272311795142389,,,1.4361443211190144,-5.961493820440574,,,,,,-0.019429222038414753,,0.32299820039350263,-0.015914022562003905,,,0.027633017271905393,1.480598419986136,,,,,,0.3163,0.6633,0.5149,0.5202,0.8398,0.7558,0.5723,,110.95901639344261,98.23508488278091,,117.22636815920403,,96.40108991825615,145.43951612903223,108.99767362299008,,"Nathan Eovaldi",9132,543135
2021,"Patrick Corbin","WSN",31,171.2,0.2785,,0.0029,,,0.2851,0.3818,0.0095,,,0.0422,,,,92.25430401436032,,85.875,,,92.60331632653062,80.70075892857143,64.70769324669472,,,81.54568797144397,,,5.3196084443333875,,-0.0037499999161809683,,,8.553902762276786,-1.2254666573660715,-1.4515385260948768,,,6.4712066650390625,,,8.948342266032963,,3.8887500762939453,,,7.731211759606186,0.6671142578125,-0.9880769436176007,,,7.7273275441136855,,,-1.3277766248576013,,1.0048681404441595,,,-0.00333593521571281,-0.2990898479308401,-13.187954345574745,,,-4.76708835440463,,,0.3177,0.6457,0.4749,0.5429,0.8825,0.7642,0.4793,89.35775862068967,56.39999999999999,60.64334203655351,78.4544642857143,104.64171428571429,,86.9875,,83.67511839708558,,"Patrick Corbin",9323,571578
2021,"Dallas Keuchel","CHW",33,162,0.0217,,0.2437,,,0.3787,0.0705,,,,0.2855,,,,89.02372883942168,,85.14096620858433,,,87.75358829941861,77.81822713216145,,,,79.5544998443525,,,3.3866102533825373,,-0.4273042298225035,,,8.691482780515685,-3.3440626561641693,,,,8.638367601409364,,,8.395254199787722,,4.753117457929864,,,3.322499903597573,0.49911459907889366,,,,3.2136504460116586,,,-1.1781100373146898,,-0.9222785139972547,,,-0.5824430253674355,-2.9115763143636286,,,,-0.2128742391047257,,,0.273,0.641,0.4396,0.6511,0.8812,0.803,0.4528,81.46195372750643,,75.46779661016949,68.4971899224806,103.7546875,,76.05527108433735,,76.67394127888446,,"Dallas Keuchel",9434,572971
2021,"Kyle Gibson","- - -",33,182,0.127,,0.1486,,,0.3402,0.1604,0.0906,,,0.1333,,,,92.81284052947831,,89.48434391199986,,,92.27203842474489,83.46645021645021,79.39731910676335,,,84.77317873636882,,,-3.8687978233796,,0.12967289385394515,,,-9.091938532615195,2.335822497611438,3.509578463674962,,,-8.790677388509115,,,9.655956122393166,,4.973738269271138,,,4.841581624867965,-0.04913420078558323,-4.473716458141576,,,2.7351302107175193,,,-0.28114401089037705,,1.3265802907957651,,,0.15685136867116908,1.0139247144520025,1.2906867796662211,,,0.6084704694027703,,,0.2849,0.6425,0.446,0.5721,0.8741,0.7681,0.4505,103.49270833333334,104.6206896551724,83.29590163934425,99.79295918367346,117.60064935064935,,90.41168224299068,,100.0919886006987,,"Kyle Gibson",10123,502043
2021,"Zack Wheeler","PHI",31,213.1,0.4246,,,,,0.1817,0.2495,0.1062,,,0.0381,,,,97.17205882352941,,,,,96.70704467353951,91.54468476220275,81.50793887867647,,,90.59180487961065,,,-4.895102826286765,,,,,-9.322199346273626,0.7086733172324781,5.075617532169118,,,-8.245901639344263,,,9.33147044462316,,,,,6.793006923190507,3.5471588631296935,-6.421088005514706,,,6.054589943807633,,,1.2464348119957482,,,,,2.0411884194540812,1.5220872750121155,0.7449293498168973,,,-1.190817780548432,,,0.2801,0.7052,0.5142,0.5261,0.8344,0.759,0.5507,50.5016393442623,127.43735294117646,130.82279411764705,138.03934707903778,97.42816020025032,,,,118.09964885879107,,"Zack Wheeler",10310,554430
2021,"Robbie Ray","TOR",29,193.1,0.5941,,,,,0.0016,0.3079,,0.0602,,0.0363,,,,94.77652733118971,,,,,95.5,88.62120281799379,,82.51957775297619,,88.23421223958333,,,5.503162052853698,,,,,8.740000152587891,0.29506720431464906,,0.10899471101306733,,6.4686841462787825,,,10.090032154340836,,,,,9.062000274658203,4.5664840114400205,,0.30264550668221935,,8.025438810649671,,,0.7863880194012886,,,,,10.868188589811325,0.9235492760109434,,-0.5647533883651097,,-3.3196824096273962,,,0.31,0.7087,0.5183,0.443,0.8005,0.6984,0.5224,69.97456140350877,,101.86371918542338,101.6,96.63702171664941,101.85873015873017,,,99.08543194134526,,"Robbie Ray",11486,592662
2021,"Kyle Hendricks","CHC",31,181,0.1776,,,,,0.4276,,0.1171,,,0.2777,,,,87.29078469438878,,,,,87.31223980016652,,73.16535073138297,,,80.02410356570513,,,-4.511102282690381,,,,,-8.417818321971273,,7.7725833788468845,,,-8.02938451522436,,,8.880981689942384,,,,,5.4060532238759365,,-6.741915160761778,,,6.286641125801282,,,-1.2579583803673307,,,,,-0.15364866595184873,,-0.9244305192065457,,,-0.8128983728014506,,,0.3125,0.643,0.4849,0.6976,0.8673,0.815,0.5215,109.42115384615384,81.6273556231003,54.480561122244495,86.77177352206493,,,,,86.65393501805056,,"Kyle Hendricks",12049,543294
2021,"Tyler Anderson","- - -",31,167,0.3643,,0.2698,,,0.113,,0.0061,,,0.2463,,,,90.57310208992617,,85.02221888354701,,,89.00204280931122,,74.28124809265137,,,80.90218530616225,,,5.778428218535733,,-0.42847579564803684,,,11.076258652875213,,-2.7149998992681503,,,7.907394909077613,,,10.713122404074367,,5.665256250278223,,,4.314761933826265,,-2.9231249690055847,,,8.004805114079563,,,0.028347763535468386,,0.7879136406161167,,,-0.8494680354587074,,-9.12119762506336,,,-0.57923071284004,,,0.3071,0.7199,0.5365,0.6676,0.8223,0.783,0.5557,80.54742589703588,73.70624999999998,89.69229957805909,69.4547619047619,,,114.76125356125355,,91.17693666713168,,"Tyler Anderson",12880,542881
2021,"Joe Musgrove","SDP",28,181.1,0.1967,,0.1899,,,0.0497,0.2774,0.2379,,,0.0483,,,,93.32491357928741,,90.68817335559476,,,93.19041364486904,84.0717791411043,82.06895566839346,,,87.06338157116527,,,-3.3648616236386415,,0.4728315457648274,,,-6.365616504460165,7.448625772862346,5.887467827749184,,,-5.676901360632668,,,7.610847882333512,,5.141200896232359,,,4.233767273899627,-0.4674846671110282,-7.49522196888412,,,3.008450749894263,,,-0.7265374296470497,,-0.27221968551049525,,,-1.0350111029940108,2.166774275661246,2.0786840751106306,,,-1.3788382194831337,,,0.3089,0.6053,0.4636,0.4677,0.8427,0.7232,0.5218,100.13873239436619,153.75293276108724,98.61816608996541,66.10616438356166,145.82993865030673,,104.68727598566308,,124.51866297257845,,"Joe Musgrove",12970,605397
2021,"Anthony DeSclafani","SFG",31,167.2,0.2705,,,,,0.1861,0.3569,,0.0813,,0.1052,,,,94.07962653540463,,,,,94.00105042016807,87.94600561336254,,82.96201735276442,,88.22676579925651,,,-6.047861441022399,,,,,-9.364768661370798,1.7692661180945373,,2.9826924250676083,,-9.388066515160316,,,9.399740053739162,,,,,6.590315105534401,2.7899342398001097,,-3.3099999060997596,,2.9367285519284385,,,0.9796272817934524,,,,,1.8570544307722765,0.9518567019785873,,-0.7273606866454849,,0.48224229545619846,,,0.2629,0.6871,0.4871,0.5457,0.8515,0.7737,0.5285,81.34907063197026,,97.37745664739884,98.8810924369748,108.32683461117198,109.67980769230768,,,100.84830441640375,,"Anthony DeSclafani",13050,543101
2021,"Yu Darvish","SDP",34,166.1,0.2204,,0.3403,0.0473,,0.0824,0.2272,0.0441,0.0376,,0.0004,,,,94.47754226434427,,86.57420216295117,88.97404281965649,,94.0074527138158,81.58727891494435,71.68442622950819,79.09230393629808,,80.19999694824219,,,-4.137196625256148,,2.3082695250298566,-4.804122342408158,,-8.34144726134183,8.7733707397655,5.543032786885246,4.349519289456881,,-8.050000190734863,,,11.193131243596312,,1.3230785199791004,4.347023068493559,,7.724078797457511,-1.0046900035087938,-9.110901879482581,-7.198461679311899,,4.949999809265137,,,-0.037800789367957194,,-0.6972050310098694,-2.1137152179961896,,0.28617472404189276,2.063714318415698,2.352483091173602,1.4477811323908658,,-4.020436480641365,,,0.2721,0.644,0.4736,0.4986,0.8323,0.7445,0.5419,80.6,99.4811475409836,131.98754098360658,106.02061403508777,124.63736089030206,92.28942307692309,104.47908704883227,114.60458015267173,120.27729393468125,,"Yu Darvish",13074,506433
2021,"Gerrit Cole","NYY",30,181.1,0.4712,,,,,0.0084,0.222,,0.1566,,0.1418,,,,97.67405289492494,,,,,97.66400390625,88.38862149089529,,83.43010752688173,,89.83895301365796,,,-7.513867327108649,,,,,-10.2547998046875,2.2608346201038505,,5.30808604250672,,-9.61166273103474,,,10.491136246872767,,,,,8.570399780273437,0.5662367130447411,,-6.693226016465053,,6.047102323337292,,,1.0706422047648283,,,,,-4.663335368037224,1.5524720125838731,,-0.2489355166432678,,1.4220647841267233,,,0.3213,0.652,0.4884,0.5297,0.7873,0.7034,0.5052,97.89619952494063,,151.1900643316655,152.98,154.03717754172982,107.09505376344086,,,137.3826702629805,,"Gerrit Cole",13125,543037
2021,"Marcus Stroman","NYM",30,179,0.0263,,0.1546,0.1612,,0.4232,0.2273,0.0073,,,,,,,92.39861382378473,,89.94279144503547,86.07777954931973,,91.94645941278065,84.9943729903537,77.35,,,,,,-2.465833240085178,,0.7082742461076019,-7.210385553961168,,-5.827435165695164,5.981141510500402,8.378500366210938,,,,,,7.231666564941406,,2.8691963213837175,1.084829940276892,,2.505207279185557,0.9714952082495981,-0.9055000305175781,,,,,,-0.2388055177612437,,1.4819631718504231,0.6434059475892795,,0.6327171258255196,0.8767517067947188,1.6774050518870356,,,,,,0.3032,0.663,0.4839,0.5303,0.8617,0.7583,0.5022,,108.67999999999999,90.2388888888889,93.67556131260797,127.54807073954986,,104.50945626477541,89.14716553287982,103.9095597484277,,"Marcus Stroman",13431,573186
2021,"Max Fried","ATL",27,165.2,0.3894,,,,,0.1149,0.2174,0.2568,,,0.0215,,,,93.95291321536145,,,,,93.46734826743197,84.69136409622303,74.43500879946727,,,84.70363991477272,,,1.1742168870795682,,,,,6.256156661883503,-4.518129636915468,-4.318219282129947,,,7.056181751598011,,,7.500732912117219,,,,,6.394557823129252,0.31079137239524784,-8.866453220129376,,,3.280363603071733,,,1.0253491134468808,,,,,0.5849982390091533,0.8048355579376221,1.27901727931866,,,0.9412090818990362,,,0.2709,0.6696,0.4832,0.5216,0.8618,0.7727,0.5324,86.12909090909092,103.3289193302892,63.93192771084337,76.2238095238095,116.67535321821038,,,,87.60273758310521,,"Max Fried",13743,608331
2021,"Chris Flexen","SEA",26,179.2,0.3999,,0.2938,,,,,0.153,,,0.1533,,,,92.7508896797153,,89.06028677360774,,,,,77.20395167151163,,,82.7032518851508,,,-1.3722598255741214,,2.506343813843069,,,,,4.346558184956395,,,-7.0258698430249416,,,10.999021699844306,,4.766585897302512,,,,,-7.068999818313953,,,5.873735680104408,,,0.3473442475381059,,0.10157231665408063,,,,,-0.32975943542497105,,,1.446549992861438,,,0.2612,0.709,0.4956,0.6571,0.884,0.827,0.5233,111.61044083526683,81.19837209302322,76.79217081850534,,,,85.06682808716708,,85.23316725978651,,"Chris Flexen",13896,623167
2021,"Kevin Gausman","SFG",30,192,0.5273,,,0.3534,,,0.059,,,,0.0603,,,,94.60075805432723,,,83.59462623704053,,,81.93559101341808,,,,83.82872928176796,,,-6.666013774281428,,,-7.810565283341187,,,0.2755932134423552,,,,-6.9590052820700965,,,9.746367656348705,,,1.6121866440121349,,,0.8545762401516155,,,,6.940386524516574,,,0.8944604698796854,,,2.0069471087296202,,,0.5706800389929679,,,,-2.4031389916305383,,,0.3181,0.7033,0.5213,0.4545,0.8079,0.7061,0.5276,64.34640883977902,,97.93468098547064,,100.14237288135591,,,112.03770028275211,101.1715676401477,,"Kevin Gausman",14107,592332
2021,"Lance McCullers Jr.","HOU",27,162.1,,,0.0143,,,0.3404,0.2582,,0.2496,,0.1374,,,,,,89.7875,,,93.92444349315069,85.99777560763889,,84.1534493983477,,85.80339221605745,,,,,1.35,,,-8.3312435170245,7.180208333333334,,6.313275918193247,,-10.2467362924282,,,,,3.2525001525878907,,,3.59394088761196,2.6265277438693575,,-5.9125141713811065,,0.017989555787168657,,,,,-2.5093383621424437,,,-0.34034335858201326,1.4746497933649354,,1.6873663778406107,,-0.3344861065905648,,,0.2578,0.5744,0.415,0.4199,0.8553,0.7191,0.4964,87.79216710182769,,,90.06512118018969,149.40430555555557,135.50129310344832,103.4125,,116.6157743442328,,"Lance McCullers Jr.",14120,621121
2021,"José Berríos","- - -",27,192,0.2665,,,,,0.2961,,0.3053,,,0.1321,,,,94.0881627620222,,,,,93.82042088651498,,82.92906098627556,,,84.83631646455224,,,-6.63431557538918,,,,,-10.080499477576998,,7.494488834179898,,,-8.768457820759483,,,8.436177245491677,,,,,6.684750234114873,,-1.8860710809253902,,,2.7197760586714863,,,-0.41093784401654904,,,,,1.601715123779104,,0.16841327228189412,,,1.095954674430451,,,0.2973,0.6317,0.468,0.6298,0.8563,0.7858,0.5104,84.94651741293532,122.99919268030142,88.45906288532676,104.37746947835738,,,,,107.8678680119551,,"Jose Berrios",14168,621244
2021,"Frankie Montas","OAK",28,187,0.29,,,0.2239,,0.2923,0.1939,,,,,,,,96.42095849943053,,,87.49011914638643,,96.18124117231639,88.94838027044293,,,,,,,-4.423781410165148,,,-6.823937880254425,,-8.734644244350282,2.441379839557602,,,,,,,10.350455803317198,,,2.715236067420262,,8.56570610434322,3.39761503307336,,,,,,,0.6595333304111941,,,1.6745840938305785,,0.3346821598413974,-0.5133045434291765,,,,,,,0.3234,0.6814,0.5023,0.5122,0.8274,0.7258,0.4997,,,107.88849658314354,99.75231638418079,131.75383304940374,,,115.73598820058994,109.88874172185434,,"Frankie Montas",14309,593423
2021,"Hyun Jin Ryu","TOR",34,169,0.3592,,0.2529,,,0.0026,0.0052,0.1257,,,0.2544,,,,89.95196849120083,,86.2764705882353,,,85.60000174386161,79.83571079799107,73.9002981693787,,,79.88128769188596,,,7.568488774585921,,0.9189706241383272,,,11.538570949009486,-1.020714282989502,-5.958047178370007,,,8.594956425895468,,,7.569337453901397,,4.84722074620864,,,7.4885711669921875,0.5764285496303013,-7.81653843264608,,,3.9589618883634867,,,0.008597794927918886,,0.3586611179087092,,,-3.9102818816900253,5.5938049618686945,-0.17550610248330076,,,0.05053775984118557,,,0.3074,0.6262,0.4723,0.6466,0.8634,0.7953,0.5173,80.97149122807018,92.46005917159765,60.008074534161494,-26.91428571428571,85.38571428571429,,84.87661764705882,,75.57044353335814,,"Hyun Jin Ryu",14444,547943
2021,"Julio Urías","LAD",24,185.2,0.4777,,,,,0.0065,0.0004,0.3421,,,0.1734,,,,94.07588279489106,,,,,94.27222357855902,83.5,81.3773363719832,,,86.80890107401656,,,2.51912844548272,,,,,5.9594442579481335,-5.710000038146973,-8.490325063123032,,,8.613788739001036,,,10.129000898055972,,,,,9.130555894639757,5.380000114440918,-0.3241657845496131,,,4.394534282802795,,,-0.04003626524640778,,,,,2.3367205013831454,-4.020436480641365,2.461270121359125,,,1.6896019356159444,,,0.3194,0.6597,0.5075,0.5955,0.8504,0.7786,0.5528,92.5623188405797,140.40362014690453,122.58091660405715,101.91666666666666,123.1,,,,127.66575233022635,,"Julio Urias",14765,628711
2021,"Germán Márquez","COL",26,180,0.4523,,,,,0.0764,0.2687,,0.1819,,0.0208,,,,94.8223632038065,,,,,93.9920224471831,86.2479295310414,,85.1867834689349,,86.05344995959052,,,-3.902228359189136,,,,,-7.537276720217136,0.3433377886009471,,1.8093885312654092,,-6.499310197501347,,,6.8643220906026965,,,,,5.685680980413732,1.1044592660005006,,-1.2953648915187377,,4.357413719440329,,,0.338186960280367,,,,,1.2238471843127354,-0.0033165553263892157,,0.9609819354978069,,-2.8341193908247453,,,0.2494,0.6708,0.4702,0.429,0.8469,0.7414,0.524,78.75614035087719,,48.690563045202225,58.22488262910798,81.11735647530041,139.80907297830373,,,75.19244604316543,,"German Marquez",15038,608566
2021,"Lucas Giolito","CHW",26,178.2,0.439,,,,,,0.2148,0.0287,,,0.3176,,,,93.84946236559139,,,,,,85.59230891875981,80.63176700367647,,,81.50340034501062,,,-4.283133745559716,,,,,,0.9186499100090757,3.2772942038143382,,,-6.2289702138070595,,,11.259677119335638,,,,,,3.1243170194760594,-5.429529526654412,,,7.616284542529193,,,0.134267727808652,,,,,,1.1843931760340696,-0.6595033056595746,,,1.155738376334088,,,0.3016,0.7014,0.5047,0.4932,0.7824,0.6974,0.5081,104.6615711252654,100.31058823529412,107.69708141321046,,110.17833594976453,,,,107.05853000674304,,"Lucas Giolito",15474,608337
2021,"Luis Castillo","CIN",28,187.2,0.2848,,,,,0.238,0.1735,,,,0.3037,,,,97.13107831576026,,,,,97.28579432270917,86.37213257058288,,,,88.32143437825182,,,-7.275338599472808,,,,,-10.773718277929946,-0.6080510151625114,,,,-10.30081173582206,,,7.271542903718091,,,,,2.6566136171459993,-0.11757741903781023,,,,0.6787304992358221,,,-0.5792194586681341,,,,,-0.724182774623235,1.6342174974295611,,,,0.5656271959721856,,,0.3013,0.6898,0.4889,0.5619,0.8121,0.7324,0.4829,107.03964620187305,,113.81775804661486,93.83665338645419,110.56593806921676,,,,106.47349206349212,,"Luis Castillo",15689,622491
2021,"Sean Manaea","OAK",29,179.1,,,,,,0.5997,,0.156,,,0.2443,,,,,,,,,92.14325685506435,,82.56709509408603,,,84.52335164835165,,,,,,,,8.850755346775323,,-1.7015698504704302,,,7.814752935053228,,,,,,,,7.0895912755316175,,1.6035269132224463,,,4.016098860855941,,,,,,,,-0.126553914302811,,-0.3963783695813149,,,1.3449999928515364,,,0.2687,0.6965,0.5138,0.5702,0.8158,0.7609,0.5728,96.37664835164834,91.55612903225806,,90.1030218242865,,,,,90.08552903035658,,"Sean Manaea",15873,640455
2021,"Aaron Nola","PHI",28,180.2,0.3773,,0.0155,,,0.1393,,,0.2696,,0.1982,,,,92.9107939339875,,86.71521526834239,,,92.00434971316425,,,78.46566791510612,,85.1528013582343,,,-8.25063332822257,,-0.1447826053785241,,,-10.667729327068237,,,7.712796748205368,,-9.099660773026315,,,8.083264802631579,,4.070434902025306,,,5.009686013926631,,,-6.060786443703184,,1.293039007785972,,,0.2789175475180734,,2.1412229732326837,,,0.5735158686332656,,,0.6852008397696765,,0.045116586651785875,,,0.3039,0.6418,0.4884,0.5415,0.8165,0.7388,0.5459,91.98183361629881,,98.0586083853702,107.62367149758454,,139.22833957553058,80.47391304347825,,109.03120161561762,,"Aaron Nola",16149,605400
2021,"Brandon Woodruff","MIL",28,179.1,0.3367,,,,,0.2676,0.0872,0.1662,,,0.1423,,,,96.52336317389006,,,,,96.2470703125,86.43101881377551,83.76380989025697,,,86.45724609375,,,-4.096236827761628,,,,,-8.269441645196144,1.6422856544961735,2.1570877630654444,,,-8.674625244140625,,,9.740000041292284,,,,,7.705850804105718,-1.357591776945153,-6.73256982317318,,,4.170675048828125,,,1.1235965754498134,,,,,1.6520522188078215,0.30635845904447595,1.5234105281005323,,,1.3874867539852858,,,0.2995,0.6799,0.5068,0.5796,0.806,0.7451,0.5448,113.44825,108.87623126338327,125.91363636363636,111.05186170212762,138.02408163265304,,,,118.35482487491062,,"Brandon Woodruff",16162,605540
2021,"Tyler Mahle","CIN",26,180,0.531,,,0.158,,,0.311,,,,,,,,94.03064230995875,,,86.41584158415841,,,86.70523138832998,,,,,,,-7.494225218215969,,,-8.812356899752475,,,1.0040442852427063,,,,,,,9.88243959929287,,,4.933069210241337,,,4.17481893313003,,,,,,,0.2698006247799749,,,1.5391933615549958,,,-0.30720918036442646,,,,,,,0.2556,0.646,0.4506,0.5721,0.8157,0.7465,0.4994,,,110.37242192103713,,108.94476861167004,,,90.28851485148513,105.6715479876161,,"Tyler Mahle",16358,641816
2021,"Dylan Cease","CHW",25,165.2,0.4677,,,,,,0.3064,,0.1518,,0.0741,,,,96.67028199566161,,,,,,85.89613514072848,,79.88485697383074,,78.09771867865297,,,-3.0462327848201376,,,,,,3.237969202711093,,2.4936303221568763,,-4.542967913901969,,,11.115980036605206,,,,,,-0.33974613417063326,,-10.28191554148107,,8.900365542059076,,,0.004908925465113515,,,,,,1.2157155788826364,,0.2794718398880587,,0.1933336547112356,,,0.281,0.6688,0.4667,0.4804,0.774,0.6819,0.4789,56.17762557077626,,131.11055676066516,,144.0371964679912,108.59042316258352,,,126.03651170682046,,"Dylan Cease",18525,656302
2021,"Sandy Alcantara","MIA",25,205.2,0.2158,,,,,0.2824,0.241,0.0255,,,0.2352,,,,98.06691499812874,,,,,97.61475614988558,90.42466069034853,83.72405310522151,,,91.81799450549451,,,-6.773503286395958,,,,,-10.499153049914188,-1.5324261949145441,1.4908860604974288,,,-9.822678786057692,,,8.118517847118264,,,,,4.594942769415046,2.319664840084618,-1.962151829200455,,,2.3534478826837226,,,-0.4039353941996654,,,,,1.7810122943238207,0.9921001170539665,-3.3915323971570293,,,0.6170143322138996,,,0.3232,0.7032,0.5292,0.5175,0.8381,0.7485,0.5422,132.7443681318681,110.50379746835442,113.98577844311374,110.37311212814645,140.26528150134047,,,,123.61955397543639,,"Sandy Alcantara",18684,645261
2021,"Cole Irvin","OAK",27,178.1,0.4079,,,,,0.1905,0.1491,0.0324,,,0.22,,,,90.76032621115174,,,,,90.46986607142857,82.98,76.85402074353448,,,84.25152277542372,,,5.1555760469035645,,,,,8.503072063050391,-0.789574966430664,-1.7779309502963363,,,7.66332180217161,,,9.77431408535192,,,,,7.50708437805773,1.282100067138672,-3.1378159797054597,,,5.5286099708686445,,,0.448481904400659,,,,,-1.3850155445052688,-0.05888222530484199,-7.57123838210928,,,1.3876228350198874,,,0.2775,0.7015,0.5164,0.7169,0.8604,0.8267,0.5634,75.36847457627118,73.23103448275863,66.7323583180987,68.80195694716242,95.41,,,,73.61307922272049,,"Cole Irvin",19244,608344
2021,"Corbin Burnes","MIL",26,167,0.0154,,0.5227,,,0.091,0.0918,0.1827,,,0.0964,,,,96.40999755859374,,95.22713864306785,,,96.85805084745763,88.01722524947479,81.1964167985232,,,90.7123984375,,,-3.415000152587891,,2.0547935463334257,,,-6.873983092227225,3.888655462184874,6.294261562170359,,,-8.0420400390625,,,8.19375,,6.729852276917404,,,7.318135407011388,0.2587395034918264,-4.171054759609046,,,4.657919921875,,,-5.6813800893723965,,1.929186244981479,,,-0.1586889311418695,2.9764869007743706,2.977083275243954,,,0.2531123161315918,,,0.329,0.6449,0.4854,0.3735,0.8056,0.6577,0.495,80.8952,148.15210970464136,101.14250000000001,94.81228813559322,140.22436974789915,,162.87219764011795,,143.20630804953555,,"Corbin Burnes",19361,669203
2021,"Walker Buehler","LAD",26,207.2,0.4451,,0.1624,,,0.0742,0.1383,,0.132,,0.0479,,,,95.34782608695652,,91.57148742675781,,,95.31922743055556,84.86697247706422,,80.1358173076923,,91.47085834023179,,,-1.9955952019667675,,2.953925848007202,,,-7.857393183259883,7.626490601705848,,5.989615220289964,,-7.672980100113825,,,10.442266571632217,,4.840663909912109,,,7.828760913294604,0.6311238840085651,,-8.466754619891827,,3.3241059764331538,,,1.3186441727795095,,1.3088045256154146,,,1.753757080524905,1.4702736502598732,,0.6777241109655454,,3.36285215487938,,,0.2855,0.6699,0.4879,0.5258,0.8507,0.7607,0.5266,90.26026490066225,,114.74183891660726,89.86068376068377,142.09908256880735,117.69951923076923,120.60957031250001,,116.83638385764223,,"Walker Buehler",19374,621111
2022,"Adam Wainwright","STL",40,191.2,0.0932,,0.2512,,,0.2774,,0.3061,,,0.0606,,,,88.01644103167808,,84.29008497458705,,,88.5891829689298,,72.94734098018769,,,82.18210320723684,,,-1.0916438690603596,,3.100533821076874,,,-7.794223447389241,,8.929468562630344,,,-8.403526547080592,,,8.795616672463613,,3.7071410667487292,,,7.257905773518412,,-8.64259645464025,,,4.848473799856086,,,-0.7829061556250264,,0.30870169893456234,,,-0.1605501927872659,,0.5294379903483316,,,0.01030269422029194,,,0.2589,0.594,0.4341,0.677,0.9116,0.8449,0.5228,93.46263157894738,144.1750782064651,80.59691780821917,82.38699654775604,,,90.54968233799237,,104.12563025210089,,"Adam Wainwright",2233,425794
2022,"Corey Kluber","TBR",36,164,0.0147,,0.3419,,,0.2681,,0.2722,,,0.1031,,,,88.90833197699652,,86.29308514600716,,,88.88449848024317,,80.72005988023952,,,82.92529489871542,,,-4.1049999660915795,,0.9440285792936159,,,-9.916838579264818,,8.748248619947605,,,-8.257273074666502,,,7.937778049045139,,4.742193028810339,,,4.937537845507219,,0.6660329396139362,,,3.6275099200222334,,,-4.029780212375853,,0.5841429868138021,,,-1.0681034634767332,,-0.630387209333524,,,1.3275340125848183,,,0.3325,0.6629,0.5102,0.5862,0.8594,0.7772,0.5379,76.6778656126482,123.91646706586828,63.2638888888889,70.63768996960488,,,99.69999999999999,,95.61153219233901,,"Corey Kluber",2429,446372
2022,"Charlie Morton","ATL",38,172,0.3324,,0.0935,,,0.1074,,0.3804,,,0.0863,,,,94.92346508307372,,88.36863612776753,,,94.69614147909968,,81.26987154038113,,,87.1643984375,,,-6.690706025279076,,0.2783763927727168,,,-10.46607701341439,,8.061596989848004,,,-10.6825595703125,,,7.261827763986241,,2.9892620917175967,,,3.1847909025823955,,-5.3754625822368425,,,1.1069200439453124,,,-0.8227110288162965,,-0.9332889436685732,,,0.05141629618847102,,0.7759075128420944,,,-0.1618018850684166,,,0.2919,0.6181,0.455,0.4704,0.8547,0.7314,0.4998,92.54359999999998,133.90834845735031,86.7367601246106,85.00450160771705,,,91.71992619926198,,105.47044198895027,,"Charlie Morton",4676,450203
2022,"Martín Pérez","TEX",31,196.1,0.0799,,0.2434,,,0.3518,0.0138,0.0349,,,0.2763,,,,92.74789915966386,,89.84910560344828,,,92.62795950620229,84.4390243902439,78.76346059945914,,,84.40668666464155,,,6.696722463399422,,1.0009517275053879,,,9.678721187678912,-1.5119512604504097,-3.290576934814453,,,8.269842136239369,,,8.456806599592962,,7.096937634698276,,,6.0429389312977095,3.1812193335556405,-2.7890384380634012,,,5.380206751215066,,,0.20263268134924545,,1.3513356467773174,,,0.687855071537481,3.8849666714668274,-3.9433955716399045,,,0.46403927463734856,,,0.2698,0.621,0.4428,0.6789,0.8661,0.8082,0.4924,75.2989064398542,93.35480769230769,65.39537815126052,96.46202290076336,101.44878048780487,,78.55627586206897,,83.71118951612904,,"Martin Perez",6902,527048
2022,"Jordan Lyles","BAL",31,179,0.3176,,0.0268,,,0.1747,0.239,0.1339,,,0.1081,,,,91.7647029768177,,84.84000244140626,,,90.77758321360153,80.02198770133053,79.099248046875,,,86.34272203947368,,,-3.816153877025158,,2.197125053405762,,,-8.031379085847702,8.919999835871849,3.8350250244140627,,,-8.204117435419892,,,9.940664309470495,,1.9803749084472657,,,7.417605345276581,-0.5608403395537903,-8.1635498046875,,,4.639968919311145,,,-0.4138132205941529,,1.0811792965978384,,,-0.7856896511097065,0.02740410727863552,0.021556786261498928,,,-2.175060118730223,,,0.2748,0.6522,0.4615,0.5807,0.8932,0.7991,0.4946,67.69040247678019,83.84100000000002,76.7586933614331,77.69846743295018,118.2158263305322,,91.94375000000002,,87.2036813922356,,"Jordan Lyles",7593,543475
2022,"Justin Verlander","HOU",39,175,0.5044,,,,,,0.2835,0.188,,,0.0242,,,,95.0190114068441,,,,,,87.42381491035182,79.02591677295918,,,86.24603174603175,,,-5.956821456154943,,,,,,1.612259757696211,3.417244798309949,,,-9.280317034040179,,,11.549353909220532,,,,,,3.356955397919486,-6.104407983896683,,,6.556349012586805,,,2.10044112438938,,,,,,1.3393312359936989,1.77159849706353,,,0.5926284465997937,,,0.3435,0.7111,0.5359,0.644,0.8423,0.7817,0.5232,84.73650793650795,119.36510204081634,135.83536121673004,,147.5763193504736,,,,134.83403764886674,,"Justin Verlander",8700,434378
2022,"Miles Mikolas","STL",33,202.1,0.2725,,,,,0.2227,0.2535,0.2075,,,0.04,,,,93.50140061117578,,,,,92.95968884416455,87.68685855793863,76.15688312308869,,,82.7111080109127,,,-3.432596031251137,,,,,-8.270612423236553,1.3922653007268608,4.2606420954433055,,,-7.463650658017113,,,8.944191147756522,,,,,7.512193870001029,2.9065708117431335,-8.647217485153712,,,5.452301509796627,,,0.9690116748335198,,,,,1.454577692107767,0.320460792346502,0.005751133922043197,,,-2.288460852726111,,,0.2742,0.6488,0.4867,0.6471,0.8879,0.8292,0.5673,84.49920634920635,92.77782874617736,74.67997671711294,87.31467236467235,119.30763454317896,,,,93.05977516250545,,"Miles Mikolas",9803,571945
2022,"Kyle Gibson","PHI",34,167.2,0.1187,,0.2176,,,0.2811,0.2099,0.0654,,,0.1073,,,,92.04,,89.35033688129195,,,91.6494825487013,83.26974184782608,78.99217658868714,,,84.64047884778911,,,-4.248799954927884,,-0.3604026896841574,,,-8.851883370535715,1.9711652938179347,3.504301785090782,,,-9.047755234906463,,,9.515138221153846,,5.718204779912962,,,4.503467431006493,-0.09090434862219769,-4.728212154111382,,,2.489353724888393,,,0.8485519175346081,,0.7439793756344174,,,-0.12086896491902216,-0.42274368003658624,-4.740807755366384,,,-0.6294832039041585,,,0.2893,0.6787,0.4827,0.5338,0.8743,0.7716,0.4965,113.39523809523808,105.12346368715083,76.1596923076923,92.5638961038961,108.71982608695652,,83.72231543624162,,95.1580138736765,,"Kyle Gibson",10123,502043
2022,"Merrill Kelly","ARI",33,200.1,0.2937,,0.181,,,0.1706,0.002,0.1348,,,0.2178,,,,92.60000346452328,,90.91438567895683,,,92.60629621898855,85.03333536783855,82.1743942481884,,,88.64319997197309,,,-5.2204768483231705,,-1.5897841419247414,,,-9.770820908874045,0.29333333174387616,4.664178673195954,,,-9.959417186332212,,,9.009755881028271,,7.465072082958633,,,4.663645038167939,2.056666692097982,-5.695797242980072,,,1.8695814648729447,,,0.5796792138442232,,1.1443983857258617,,,0.6855055227705086,3.175606702764829,-0.21870857203640223,,,0.3155816830861729,,,0.2862,0.6559,0.4839,0.643,0.8552,0.7968,0.5347,116.55635276532136,120.6231884057971,81.36252771618624,90.58110687022901,126.63333333333334,,87.58363309352515,,97.17224396607963,,"Merrill Kelly",11156,518876
2022,"Jose Quintana","- - -",33,165.2,0.3601,,,,,0.1637,,0.2812,,,0.1949,,,,91.17686034658512,,,,,91.42354347673766,,78.39516869288512,,,86.35593588159134,,,2.0873801943966614,,,,,7.720963961340387,,-3.8453133286757506,,,7.188738404469751,,,8.686513731603593,,,,,7.709798085849916,,-3.711971272998939,,,3.7184557438794728,,,1.6725189505367104,,,,,0.7519722369086048,,1.3113104833129492,,,-1.8969085411275621,,,0.3303,0.6669,0.4769,0.6102,0.885,0.7775,0.4354,71.09246704331451,109.27088772845953,70.29388379204893,82.07286995515695,,,,,83.37531617828795,,"Jose Quintana",11423,500779
2022,"Robbie Ray","SEA",30,189,0.3942,,,,,0.2081,0.3718,,0.0187,,0.0072,,,,93.39300582847628,,,,,93.31940063091483,87.17369538834951,,79.66666666666667,,87.07272616299716,,,4.687535370914863,,,,,9.378595875640773,-0.030820828039669297,,-0.7133333306563528,,6.677272449840199,,,10.564279929485846,,,,,7.5827128413347795,4.755154319285084,,-0.35000001338490266,,8.289090936834162,,,0.5875809926176746,,,,,-0.7313030075622658,0.6340823696049988,,-9.583346205845213,,-5.412706665017388,,,0.3117,0.7245,0.5133,0.5288,0.8302,0.7366,0.4883,63.77142857142857,,97.9670274771024,87.28406940063093,86.02488967343335,84.7859649122807,,,90.82291735265069,,"Robbie Ray",11486,592662
2022,"Jameson Taillon","NYY",30,177.1,0.357,,0.1103,,,0.1114,0.1889,0.1478,,,0.0846,,,,94.058703125,,90.69773336367314,,,94.1775653545673,86.15463285680529,81.11014870169082,,,87.72531810390295,,,-3.707909912109375,,1.0313916252654733,,,-8.01003167568109,2.9972212274043004,4.752439637115036,,,-8.306076114187764,,,10.395,,7.422686431786003,,,8.823717948717949,2.701965908923086,-5.523140285326087,,,6.647341957575159,,,-0.16792662329971791,,0.0044472178016279895,,,-0.17641753507539248,0.2841978166639692,1.1969543552557051,,,-1.7893170599947499,,,0.3108,0.6681,0.4891,0.6078,0.8865,0.7978,0.4991,83.20295358649788,103.62367149758455,97.97220000000003,90.1467948717949,102.58128544423441,,96.41585760517802,,97.38808586762073,,"Jameson Taillon",11674,592791
2022,"Chris Bassitt","NYM",33,181.2,0.1313,,0.1715,,,0.3344,0.1632,0.1389,,,0.0606,,,,93.2335092348285,,89.06687184343434,,,92.77108970207254,78.95902169585987,71.56359102244389,,,85.40628348214285,,,-3.6222954500948217,,1.0151717369002524,,,-9.551378319300518,6.752632675656847,8.301421738622194,,,-9.635657087053572,,,7.802269283888522,,4.935939472853535,,,5.55991691628886,0.3838853451350186,-8.15675837262313,,,3.9880569893973212,,,-0.38104746539863243,,1.325347853278873,,,1.5284631841386538,-0.9588990755964489,1.3705843590441489,,,-3.1311845630407333,,,0.2479,0.6389,0.4629,0.6491,0.8254,0.7829,0.5499,75.35657142857143,119.56458852867827,70.02084432717676,93.24113989637306,126.52632696390657,,91.25333333333334,,97.87792433182922,,"Chris Bassitt",12304,605135
2022,"Tyler Anderson","LAD",32,178.2,0.38,,0.2201,,,0.071,,0.0124,,,0.3164,,,,90.72257570105018,,85.65626119516094,,,88.99562614732753,,73.203125,,,79.0311676212615,,,4.794044860902188,,-0.7349911644345238,,,10.592950956417564,,-0.7537500262260437,,,7.996453745087232,,,10.555291523607076,,5.696948742740369,,,3.7530601584846206,,-5.102187633514404,,,5.365705281825154,,,0.7917394296506817,,1.4310402332474945,,,-0.8885036706110168,,-0.17544982256367803,,,1.8731832083748894,,,0.3413,0.6875,0.5237,0.5865,0.8574,0.7739,0.5268,105.89104294478527,72.75937499999999,79.85291113381001,74.6639344262295,,,110.83121693121694,,94.44818657075214,,"Tyler Anderson",12880,542881
2022,"Joe Musgrove","SDP",29,181,0.24,,0.1945,,,0.0678,0.2436,0.191,,,0.0632,,,,92.93382352941177,,90.09655030626135,,,92.37448120117188,82.92014266304348,81.3404791474122,,,86.50167488652235,,,-2.8470293830422793,,0.3385662487327728,,,-7.445208231608073,6.692159193840579,4.985951760339649,,,-6.947206976693436,,,7.940235093060662,,5.5552630692774505,,,5.731041590372722,-0.6105362159618433,-7.52497229161853,,,2.7363127809663057,,,1.3303922122234806,,1.1710749949225496,,,0.15069384826347232,-0.2702975607868554,-0.15863264788651424,,,0.34176701648608265,,,0.3058,0.6051,0.4642,0.5196,0.871,0.762,0.5291,92.81340782122905,123.22754158964881,91.54838235294116,74.44739583333333,129.90942028985506,,96.07386569872959,,106.73843981644902,,"Joe Musgrove",12970,605397
2022,"Yu Darvish","SDP",35,194.2,0.2541,,0.3527,0.0751,,0.0885,0.1824,0.0421,0.005,,,,,,94.94662665562915,,86.5247122495229,89.20538466928251,,94.74106612404942,82.47509225092251,72.8823984375,77.7066650390625,,,,,-4.777496701676324,,2.3028529509333255,-4.006905731064322,,-8.749125549548479,7.903432022601476,5.92168017578125,5.594666544596354,,,,,9.866834385347682,,0.6477099120161915,3.1269955485390977,,6.830646239306084,-0.8660147691564807,-8.6007197265625,-6.587999979654948,,,,,0.8186019310690709,,0.5674249503249659,1.5420463721313817,,1.140368466368193,2.015474848311766,1.5600636780261994,2.7963301042715707,,,,,0.303,0.642,0.4955,0.5887,0.8319,0.7677,0.5678,,101.58196721311475,115.261059602649,85.55475285171102,133.65756457564572,,89.68024809160306,130.6780269058296,107.62268596432183,,"Yu Darvish",13074,506433
2022,"Gerrit Cole","NYY",31,200.2,0.5186,,0.0635,,,,0.2257,,0.1078,,0.0843,,,,97.77267373380448,,92.02499624399039,,,,88.69621109607577,,82.95042492917847,,89.74746659873189,,,-6.524911545752356,,-0.5012019230769231,,,,2.0986874881068167,,5.275495750708215,,-8.503514386605525,,,10.833569134643698,,4.693942436805139,,,,0.6033017541784718,,-7.206175720387748,,5.707029038581295,,,0.65311685783703,,-0.8670887712819072,,,,1.6419870075700407,,-0.34057877050243085,,-0.43096373640540714,,,0.3196,0.6558,0.4808,0.4881,0.8134,0.7008,0.4792,88.2550724637681,,156.67237926972902,,146.60338294993232,105.84362606232295,93.03028846153845,,139.13224327628353,,"Gerrit Cole",13125,543037
2022,"Max Fried","ATL",28,185.1,0.3254,,,,,0.1324,0.1859,0.2158,,,0.1405,,,,93.9021776172301,,,,,93.61581559986595,87.34293744036259,74.25526187294408,,,86.53459398674242,,,1.4281024496063932,,,,,6.514503785816019,-1.6206679016579197,-5.065641302811472,,,7.603434244791667,,,7.273565826915212,,,,,5.9201876151977215,0.7296564815608599,-9.521397640830592,,,2.5501514781605112,,,0.7380765414874972,,,,,1.5787830481420573,0.7756687402156472,1.4228964592085072,,,1.8233408925659729,,,0.3356,0.6716,0.4954,0.5847,0.8544,0.7586,0.4755,95.49621212121212,105.52236842105265,66.52410032715376,79.33109919571045,113.32423664122138,,,,89.41604543840963,,"Max Fried",13743,608331
2022,"Kevin Gausman","TOR",31,174.2,0.488,,,0.3482,,,0.1452,,,,0.0187,,,,94.95066273932254,,,85.24313886738906,,,84.41980584777228,,,,84.46153846153847,,,-6.688917381949558,,,-9.360887714460784,,,-0.2356188179242729,,,,-5.460384662334736,,,10.343299112895803,,,3.218317903847394,,,2.276336669921875,,,,4.375,,,0.10028669942548946,,,0.9598610570925308,,,-1.0331098949260051,,,,-2.034253168564576,,,0.3941,0.7197,0.5573,0.532,0.8237,0.7208,0.5013,104.53653846153846,,104.22643593519882,,97.10767326732673,,,118.53952528379773,108.17915168943203,,"Kevin Gausman",14107,592332
2022,"José Berríos","TOR",28,172,0.2786,,,,,0.2584,,0.3094,,,0.1536,,,,93.98773499340369,,,,,93.87808943812233,,82.9463145783848,,,84.63349469198565,,,-6.901345929873021,,,,,-10.30166404583037,,8.04963187537114,,,-8.983803781025717,,,8.39422140398252,,,,,6.191877861619844,,-2.30239904408217,,,2.7227990547435708,,,-2.3103156198297765,,,,,0.23879166613008357,,-0.012795554558058534,,,-1.1977770004831432,,,0.3066,0.6496,0.4844,0.6219,0.8908,0.8088,0.5182,85.36100478468899,114.87980997624703,82.77414248021108,91.81251778093885,,,,,95.42096358955499,,"Jose Berrios",14168,621244
2022,"Julio Urías","LAD",25,175,0.4744,,,,,0.0175,,0.333,,,0.1751,,,,93.07395498392283,,,,,93.57608695652173,,80.90034364261169,,,86.21437568082789,,,2.045016077170418,,,,,5.422826020613961,,-8.782073310423826,,,8.221612136608115,,,9.618087130727492,,,,,8.995869512143342,,-0.3473768725837629,,,4.13455339818219,,,1.5488763483558627,,,,,-5.268290258296158,,0.9561004904434853,,,-0.029068295732302865,,,0.3159,0.6773,0.5141,0.5695,0.8634,0.7819,0.5484,84.29150326797388,138.71660939289805,116.3031350482315,107.6125,,,,,118.05028615032434,,"Julio Urias",14765,628711
2022,"Germán Márquez","COL",27,181.2,0.3001,,,,,0.2402,0.2082,,0.2212,,0.0303,,,,95.55316534624413,,,,,95.13900407807918,87.65194717639594,,86.5340739450637,,87.75232785247093,,,-5.72521113006162,,,,,-8.745747943777493,-0.4392555094814139,,-0.061401276072119454,,-6.410464974336846,,,7.805316763864437,,,,,5.564442743653776,2.5832994593379865,,-0.5847611639909683,,4.67418617425963,,,-1.4095610842773332,,,,,-0.20846221759871653,-0.9453805822204616,,1.046112819817985,,-3.7362176535087963,,,0.2803,0.6782,0.4942,0.5082,0.8937,0.7926,0.5375,66.13023255813954,,80.5343896713615,74.09046920821118,92.23045685279189,127.95461783439491,,,91.52567805565339,,"German Marquez",15038,608566
2022,"Nick Pivetta","BOS",29,179.2,0.5101,,,,,,0.1966,,0.2706,,0.0227,,,,93.42366412213741,,,,,,85.75527923886139,,77.15503690797362,,87.07714146205358,,,-3.361946552461037,,,,,,2.6591089834081063,,3.96652287544964,,-5.150571550641741,,,12.1848598024014,,,,,,2.4069802060772485,,-10.522182254196643,,5.264000156947545,,,0.1638354361531237,,,,,,1.0896359302914969,,-1.6777609240451303,,-9.28319577127695,,,0.2748,0.6635,0.4753,0.6317,0.8521,0.7904,0.5159,14.128571428571425,,111.44306615776081,,120.13102310231022,81.80623501199042,,,102.90418831168834,,"Nick Pivetta",15454,601713
2022,"Marco Gonzales","SEA",30,183,0.365,,0.1957,,,,,0.1343,,,0.305,,,,88.44966032608696,,86.13134853603604,,,,,76.62650713582677,,,79.36324060693642,,,7.5730723505434785,,2.054324368313626,,,,,-2.883805723015092,,,10.572289333453757,,,8.3860969580314,,6.41798194679054,,,,,-7.694041815329724,,,3.956034648211705,,,-0.2973834777943754,,-1.7122399692868329,,,,,0.17520505201628828,,,-0.3238123241876591,,,0.3319,0.6847,0.5071,0.7447,0.8786,0.8345,0.4965,100.26947976878611,105.29658792650916,63.73314009661835,,,,79.84756756756757,,83.6375751148816,,"Marco Gonzales",15467,594835
2022,"Carlos Rodón","SFG",29,178,0.6117,,,,,,0.3099,0.0586,,,0.0198,,,,95.54381161007667,,,,,,85.39805743243244,79.85657366071429,,,84.6372897907839,,,3.9182037988602136,,,,,,-3.907902766047297,-3.11845703125,,,8.466610148801642,,,10.695674031352683,,,,,,-0.17876756822740708,-6.6453145926339285,,,6.736610024662341,,,1.3396529509376853,,,,,,1.0649518672678921,0.7980058044195175,,,-2.116986982903238,,,0.3171,0.6747,0.4972,0.5617,0.784,0.7136,0.5035,97.96101694915255,96.66228571428572,116.5550930996714,,126.08129729729728,,,,117.99506380120891,,"Carlos Rodon",16137,607074
2022,"Aaron Nola","PHI",29,205,0.334,,0.0652,,,0.1882,,,0.2652,,0.1474,,,,92.7551724137931,,86.77727470012626,,,92.17412860576923,,,78.56116722239454,,85.91562325613839,,,-8.14658155018473,,-0.2429292852228338,,,-10.44197562691215,,,7.589342140973946,,-9.238080705915179,,,8.805290755849754,,4.055151428839173,,,5.5268008358828675,,,-6.328101979295906,,2.041428565979004,,,1.4983766048853033,,1.0563240057290202,,,2.1787106977788717,,,0.9989705911973866,,-1.369943651869627,,,0.3526,0.6124,0.4929,0.5538,0.8358,0.743,0.54,77.0607142857143,,102.39536945812809,93.88776223776223,,131.05694789081886,89.58737373737375,,103.82642316551502,,"Aaron Nola",16149,605400
2022,"Kyle Freeland","COL",29,174.2,0.2325,,,,,0.2212,0.2254,0.182,,,0.139,,,,90.2875569044006,,,,,89.61626545055822,85.4773082942097,80.93410852713178,,,84.76091568845177,,,3.805842259223255,,,,,7.777575819876396,-0.27093897477748435,-1.943759652071221,,,6.514213445828045,,,7.668133239283004,,,,,3.7965230013955344,2.593724592564065,-3.831802249878876,,,4.260786802030457,,,0.15950028944268754,,,,,-0.7665327837782804,-0.2068418391480319,-0.8588160106609033,,,-2.840309018070625,,,0.2694,0.6772,0.4748,0.5884,0.8893,0.8046,0.5037,58.8738578680203,100.97209302325582,61.150986342943845,54.176076555023926,76.65273865414711,,,,70.01342967923864,,"Kyle Freeland",16256,607536
2022,"Jordan Montgomery","- - -",29,178.1,0.1676,,0.0431,,,0.3451,,0.2225,,,0.2217,,,,93.03560267857142,,88.54786199586005,,,93.0017071604856,,80.2190410285596,,,82.30647840531562,,,5.694307767427885,,1.0277777451735277,,,10.127822859691836,,-1.0747682179836249,,,6.653970205110569,,,8.79072507082761,,5.782734927968082,,,6.1605017467649414,,-2.4835596147751966,,,7.162441722578385,,,-0.8094300100436578,,-1.1517119745158741,,,1.4392447573398195,,0.18863009646633602,,,0.5569813160405206,,,0.3248,0.6869,0.5046,0.5901,0.8186,0.7445,0.4965,89.29119601328904,110.86225165562914,77.78065934065935,112.87886872998935,,,83.09196581196582,,99.92350186089742,,"Jordan Montgomery",16511,656756
2022,"Pablo López","MIA",26,180,0.3924,,0.0924,,,0.0814,,0.0808,,,0.3529,,,,93.52276707530648,,88.63903490938662,,,93.38818565400844,,80.94552859042552,,,87.53466559152872,,,-3.1851926359320273,,0.6178067005256738,,,-9.009916023866033,,5.638212682845745,,,-10.490846747200584,,,7.701479723073555,,3.4539404659909385,,,3.8568354739418513,,-5.249957405252659,,,2.2896299427184763,,,0.23848957393559805,,-1.3661845784537412,,,0.5636405938536809,,1.0154467155324651,,,0.41359509935397604,,,0.3133,0.6802,0.4935,0.5668,0.8272,0.743,0.4911,104.07984420642649,97.97489361702128,95.0217162872154,94.87932489451478,,,89.22527881040891,,97.86791867677462,,"Pablo Lopez",17085,641154
2022,"Framber Valdez","HOU",28,201.1,0.0364,,0.1027,,,0.4897,,0.2806,,,0.0905,,,,94.06818181818181,,83.02935357862903,,,93.92895805142084,,79.12715835301063,,,88.72637648809524,,,4.599636285955255,,-1.680129118888609,,,8.576116373477673,,-6.301192282504427,,,9.073406736492673,,,5.150545432350852,,-2.7461612824470767,,,4.44429629355548,,-9.101274834895218,,,1.5220512418083219,,,0.047024237838658424,,2.678400550878817,,,0.47676802987134503,,1.1644836409630994,,,1.7211584312902701,,,0.2786,0.6292,0.4665,0.4513,0.8743,0.7571,0.5361,102.1783882783883,124.16729634002361,58.01727272727273,89.54878213802438,,,122.49322580645159,,102.63635157545599,,"Framber Valdez",17295,664285
2022,"Logan Webb","SFG",25,192.1,0.0323,,,,,0.3293,0.3267,,,,0.3117,,,,92.3845340689433,,,,,91.82272727272728,82.47331657331975,,,,86.39263440501601,,,-5.658968895980992,,,,,-8.96260653409091,5.191609120417516,,,,-4.470234645977855,,,5.195670216353898,,,,,-1.330151490490846,0.2811812577568101,,,,-3.1627641512973588,,,-0.895376065649937,,,,,0.5057874205287057,0.337262325702034,,,,1.3581775701351329,,,0.336,0.6016,0.4704,0.5992,0.8699,0.7744,0.506,130.97705442902884,,54.35154639175257,92.63323232323233,109.538900203666,,,,108.91286764705876,,"Logan Webb",17995,657277
2022,"Triston McKenzie","CLE",24,191.1,0.5597,,,,,,0.2209,0.2195,,,,,,,92.49567151570457,,,,,,87.30484126921623,79.39496751265092,,,,,,-2.2906747547249213,,,,,,2.366403256693194,3.8520455019814626,,,,,,12.067370846345879,,,,,,6.019274287069997,-4.152305321259932,,,,,,1.2995929384330214,,,,,,-0.8646976791562573,2.1721098880440772,,,,,,0.335,0.7041,0.5248,0.5339,0.8504,0.7522,0.5141,,119.02824675324672,107.9897517504774,,118.95048387096774,,,,112.83061006059397,,"Triston McKenzie",18000,663474
2022,"José Urquidy","HOU",27,164.1,0.5273,,0.0485,,,,0.1352,0.1405,,,0.1485,,,,93.53987068965517,,87.44062805175781,,,,80.09943875010941,78.12102638100679,,,86.09438576990244,,,-4.8969395133270615,,1.6346875429153442,,,,7.45809551848083,3.6612937495393574,,,-9.473316126940201,,,11.694475853580167,,3.808046817779541,,,,0.682408965936228,-8.460566353605122,,,8.167729318141937,,,0.28654743606845534,,-0.7720572350081056,,,,-0.3076418514261727,-1.172906223614261,,,0.008015413483490748,,,0.3178,0.6914,0.5182,0.653,0.8662,0.8056,0.5364,116.24464285714286,92.62291105121294,107.6021551724138,,129.7719887955182,,103.98046875,,109.62682638888889,,"Jose Urquidy",18413,664353
2022,"Dylan Cease","CHW",26,184,0.3981,,,,,0.0096,0.4288,,0.1394,,0.024,,,,96.78341384863124,,,,,96.47666829427084,87.4035874439462,,81.13011853448276,,77.80133463541667,,,-2.1809500726524758,,,,,-4.998333231608073,1.654245054418909,,1.5505286907327587,,-5.051066487630209,,,11.157971171749194,,,,,11.227999877929687,0.7609641127878597,,-9.594575026939655,,8.69546630859375,,,-0.010342660229563138,,,,,5.21771630893151,2.6315876281359447,,-1.18125696120591,,-5.12914755443732,,,0.3176,0.6617,0.4724,0.4936,0.7933,0.6825,0.45,63.14,,123.69492753623189,100.56666666666666,151.48961136023914,110.14505747126438,,,132.03628205128211,,"Dylan Cease",18525,656302
2022,"Sandy Alcantara","MIA",26,228.2,0.2518,,,,,0.2482,0.2198,0.0034,,,0.2768,,,,97.95501604523227,,,,,97.8014888337469,89.986415660014,86.16363525390625,,,91.78854108731925,,,-7.577151422104218,,,,,-10.677816764888338,-0.5077171005120799,0.9745454788208008,,,-10.154582565697998,,,8.155635768452017,,,,,4.689156279078784,2.3260224499956235,-1.4363636537031694,,,2.6300109931173528,,,-0.04624861149085471,,,,,1.2032700476072562,0.480705402081921,1.0665788230570878,,,2.757858537195522,,,0.3407,0.6899,0.5289,0.5765,0.8485,0.7678,0.5391,141.26562847608454,98.0909090909091,113.47334963325181,110.56910669975184,134.9442577030812,,,,125.1065452300093,,"Sandy Alcantara",18684,645261
2022,"Cole Irvin","OAK",28,181,0.3766,,0.0203,,,0.2107,0.0034,0.2031,,,0.1858,,,,90.65168012461851,,86.98113207547169,,,90.37436079545455,80.97777642144098,77.46735701650944,,,83.03752416237113,,,6.076266749586725,,1.5269811378335052,,,8.70103604403409,-3.9788890414767795,-4.107660487912736,,,7.893422801224227,,,9.435869746630214,,4.830377542747642,,,7.088581764914773,2.3733334011501737,-2.2405282650353775,,,4.386185667686855,,,0.6355293925059533,,-0.8340422766950896,,,0.22708483920855954,1.8556945853763156,-1.321410614786283,,,1.340270354268477,,,0.3091,0.6928,0.5188,0.6749,0.8664,0.8146,0.5464,78.87463917525773,81.66018867924528,60.46826042726347,67.54818181818182,,,79.13207547169812,,70.19473886328726,,"Cole Irvin",19244,608344
2022,"Zac Gallen","ARI",26,184,0.4807,,0.1482,,,0.0003,0.0089,,0.2194,,0.1424,,,,94.1119773210489,,89.92574533045978,,,94.69999694824219,86.7423095703125,,81.59627329192547,,86.22440378289474,,,-2.8128986534372786,,2.0892413961476293,,,-8.529999732971191,3.22499994131235,,2.9740062263441382,,-7.572966507177034,,,10.368674837216513,,4.240666531968391,,,8.6899995803833,0.9546153728778546,,-6.641443856754658,,2.6516268059397428,,,1.3821230186142877,,0.4912568885704567,,,-41.87232851982117,1.2314175040676045,,1.4305101944746808,,1.322561641486638,,,0.3369,0.6118,0.4705,0.6299,0.874,0.7842,0.4862,109.56770334928233,,116.07278525868182,75.2,96.06538461538463,111.0804347826087,92.59011494252871,,110.38156367360874,,"Zac Gallen",19291,668678
2022,"Cal Quantrill","CLE",27,186.1,0.0277,,0.3604,,,0.4515,,0.0418,,,0.1185,,,,93.34320746527777,,88.45893239068441,,,93.60546282245826,,82.6409852074795,,,85.33670520231213,,,-4.1401235321421685,,1.0784505981909458,,,-7.120781813116464,,1.872131097512167,,,-7.278468490335983,,,10.367283950617283,,4.335750913438688,,,8.869878603945372,,-1.3982786585073002,,,4.703959382338331,,,-1.8264121571440757,,0.5665734661707633,,,0.024726861389707182,,0.0636803719108222,,,1.1993001188243055,,,0.3043,0.6748,0.4854,0.6916,0.8951,0.8299,0.4889,89.54393063583814,112.3745901639344,85.29875,73.33437025796661,,,87.45380228136882,,82.27288019224166,,"Cal Quantrill",19312,615698
2022,"Corbin Burnes","MIL",27,202,0.0024,,0.5553,,,0.0681,0.0922,0.1836,,,0.0984,,,,95.98750305175781,,95.05170517051705,,,96.26905829596413,88.14536553187087,81.63793417221298,,,90.26490925854037,,,-2.8237500190734863,,2.2173762053939767,,,-6.5307622661505045,3.8544703603580297,5.4810979909785775,,,-8.300248234908773,,,9.34375,,6.926732565834708,,,7.637578716192545,0.4172516627027499,-3.3716805405704036,,,4.585683123665567,,,-8.488576393574476,,1.5184732569981985,,,-2.790706616412898,1.1816260855126854,1.144987627392799,,,-0.6069760202713634,,,0.3242,0.632,0.4609,0.439,0.8205,0.6713,0.4441,105.56366459627331,141.44559068219635,79.125,75.64977578475336,126.55165562913906,,148.5616611661166,,135.9135085574572,,"Corbin Burnes",19361,669203
2022,"Shane Bieber","CLE",27,200,0.3443,,0.1659,,,,0.2877,,0.1788,,0.0233,,,,91.2596985479798,,86.89769228249476,,,,84.96057852176541,,82.01556420233463,,86.35522096548507,,,-5.299393840751263,,0.6584695939997707,,,,1.0854655292331092,,5.25311303045963,,-7.7532831448227615,,,10.190909090909091,,4.953794467374214,,,,1.5327690152187878,,-6.042393072106031,,3.821044921875,,,0.03349035526766922,,1.4182177987301126,,,,1.9372706370205228,,1.0906425743193477,,-0.40254584555305656,,,0.3295,0.6511,0.4953,0.4009,0.8694,0.7184,0.5155,65.16268656716419,,66.96131313131313,,104.3683192261185,138.96809338521405,93.47253668763103,,94.96193458594293,,"Shane Bieber",19427,669456
2022,"Kyle Wright","ATL",26,180.1,0.1935,,,,,0.2392,0.0716,0.3407,,,0.155,,,,95.12931034482759,,,,,94.38511385658914,90.05492025582902,84.73514859902068,,,88.13708320873205,,,-7.038467582614943,,,,,-9.998480650436047,-1.0833678566730085,4.603569288118879,,,-9.60337311229067,,,7.094789234614463,,,,,3.0112092720445736,4.614974105914022,-4.734406879080522,,,0.3258373132733067,,,-2.506032070123601,,,,,2.113753396064736,0.9510419104692232,1.3828482681538776,,,1.5892107806137306,,,0.2979,0.6404,0.4865,0.5263,0.8402,0.7538,0.5506,106.56483253588519,127.59390642002175,79.65785440613028,93.39705426356589,80.51761658031087,,,,103.47010040907395,,"Kyle Wright",19665,657140
2022,"Shohei Ohtani","LAA",27,166,0.2758,,0.0905,0.1198,,0.0369,0.3906,0.0863,,,,,,,97.25862068965517,,90.47437138918067,89.28539806547619,,97.16082071520619,85.29785631694256,77.69691285792952,,,,,,-2.650468918372845,,1.406050481716124,-3.6951109871031744,,-9.88752605005638,7.0322103973953265,5.734096980830121,,,,,,8.577379445043103,,3.089747837611607,2.0147935655381946,,4.284226879631121,2.7287925712786025,-7.6520705706222465,,,,,,-0.033496594634549376,,0.6905757642092826,0.9764507755873696,,0.7945559189184425,2.588426410252303,-0.6461284201313221,,,,,,0.2949,0.6512,0.4876,0.382,0.811,0.6919,0.5409,,103.01101321585904,110.1824827586207,111.20309278350516,147.57594936708864,,96.87521008403361,158.30984126984123,128.81151353412122,,"Shohei Ohtani",19755,660271
2022,"Shane McClanahan","TBR",25,166.1,0.3573,,,,,,0.1541,0.2346,,,0.2541,,,,96.71228846700797,,,,,,89.27704485488127,81.97851224003466,,,87.6769625,,,6.475858686184584,,,,,,-1.6748285218090369,-4.079115948602686,,,9.4016796875,,,10.618611792519909,,,,,,2.464564663124588,-6.300121181759099,,,6.429471875,,,0.24038467967333918,,,,,,0.16761445550931162,2.2097908354249736,,,3.1543640619516373,,,0.3222,0.66,0.4951,0.4729,0.7834,0.6847,0.5118,100.80991999999999,132.69757365684575,107.26814562002275,,115.38786279683379,,,,112.81463414634145,,"Shane McClanahan",21483,663556
2022,"Logan Gilbert","SEA",25,185.2,0.5393,,,,,0.0136,0.2421,,0.125,,0.0799,,,,96.13038130381304,,,,,94.66829030106707,86.85753424657534,,80.82758620689656,,86.15145228215768,,,-3.954366423547048,,,,,-8.037072902772485,3.073972602739726,,2.0933156304397382,,-8.949336261670124,,,10.436161881150062,,,,,7.296097918254573,2.9091505912885274,,-4.599655029944463,,5.262448132780083,,,0.5330855583572739,,,,,-0.6032162686673607,-0.24232938018155423,,0.3806704344025341,,0.5885302216680218,,,0.2761,0.7011,0.5015,0.6113,0.8448,0.7844,0.5303,100.90082987551867,,101.58517835178354,76.12195121951218,96.2476712328767,104.83262599469496,,,100.30139442231079,,"Logan Gilbert",22250,669302
2022,"Alek Manoah","TOR",24,196.2,0.3588,,,,,0.2584,0.2706,,,,0.1122,,,,93.86531190926276,,,,,93.27073080708661,81.47994987468671,,,,86.53323262839879,,,-3.8322590068968574,,,,,-9.077493182004593,7.424335986450501,,,,-8.880362242730362,,,9.850850846231097,,,,,6.298241162237533,0.46200500335310934,,,,5.834108658067409,,,1.4114282387951371,,,,,1.0677516406641545,0.6104606364790658,,,,0.9188850919555682,,,0.3015,0.6755,0.4937,0.5694,0.8594,0.7734,0.5141,88.74984894259819,,100.1195652173913,85.62729658792651,117.68208020050128,,,,99.85386965376779,,"Alek Manoah",26410,666201
2023,"Lance Lynn","- - -",36,183.2,0.4345,,0.2324,,,0.1272,0.0625,0.0736,,,0.0698,,,,92.44215002725291,,88.664538839589,,,91.35334842199131,82.98585710621843,80.7957077353809,,,84.8809963588801,,,-2.682986946993096,,0.4891146861988565,,,-7.32999982431568,1.273782826433278,6.843283067957015,,,-8.729004458604356,,,7.750748567802962,,3.4133287512737773,,,4.188498674492091,-1.4069646584867226,-0.34459440697927846,,,3.7149367526645576,,,-0.3244183797844101,,-0.3194337245076895,,,0.9208104617098721,-3.78470542379702,-2.2424826166660488,,,-1.2298448811963674,,,0.2878,0.7144,0.4986,0.5553,0.8157,0.7397,0.4942,56.21538461538461,108.56824034334764,92.30130813953488,93.32977667493797,97.0545355515944,,104.13125000000001,,93.75764892937252,,"Lance Lynn",2520,458681
2023,"Charlie Morton","ATL",39,163.1,0.316,,0.0792,,,0.07,,0.4321,,,0.1027,,,,94.86202846603564,,89.12355902777777,,,94.24573060615577,,82.3257328990228,,,86.04486167594177,,,-8.248040350083519,,-1.0590266927083334,,,-10.902964529679648,,6.927068753817182,,,-10.502020848940496,,,6.335333945225501,,4.083595648871528,,,3.22586933691897,,-4.397760745368485,,,0.31406439167179473,,,-1.3584971875947938,,0.47341053353415596,,,-3.745114108800289,,1.7944060906112582,,,0.8591679958243892,,,0.3011,0.5708,0.4265,0.4716,0.8435,0.703,0.4648,99.61883561643835,139.15374592833876,73.97227171492206,80.47587939698492,,,89.19644444444444,,106.43664202745514,,"Charlie Morton",4676,450203
2023,"Jordan Lyles","KCR",32,177.2,0.3049,,0.0763,,,0.1313,0.2467,0.1317,,,0.109,,,,91.21338402211875,,86.77441860465116,,,90.48026815878379,80.16834532374101,79.38086463948787,,,85.45797918363192,,,-3.9870315569521244,,1.584879036836846,,,-7.711621753589527,7.428460122526978,3.4118869503874665,,,-7.982801207502036,,,9.45451708472788,,3.92041384674782,,,6.8847029402449325,0.8205640175359712,-8.684771021100067,,,3.9822477160525245,,,1.1590352609354626,,-0.9394417945728746,,,-0.11916156153421144,-1.3084256456052656,-1.605231724579058,,,-1.657036679769572,,,0.2659,0.6878,0.4789,0.6011,0.8957,0.8147,0.5048,73.23355048859933,95.2676549865229,75.2407450523865,76.07540540540542,98.73211267605632,,95.57302325581395,,85.16859799713876,,"Jordan Lyles",7593,543475
2023,"Justin Verlander","- - -",40,162.1,0.5004,,,,,,0.2533,0.1998,,,0.0465,,,,94.30176531298002,,,,,,86.87754291540213,78.2453838641827,,,85.1892594266529,,,-5.027695897537442,,,,,,1.9060865295132303,3.4547730665940506,,,-9.221016371545712,,,11.282918106758833,,,,,,2.7745355771054627,-7.228211622971755,,,5.762842856162836,,,0.8874497838467131,,,,,,0.9703356851802428,0.42794589884579176,,,-0.22616490783277624,,,0.3144,0.6635,0.4954,0.6371,0.8715,0.7998,0.5184,102.23801652892563,105.37076923076924,96.6326420890937,,127.40257966616086,,,,106.29309405065875,,"Justin Verlander",8700,434378
2023,"Patrick Corbin","WSN",33,180,0.1708,,,,,0.4148,0.3504,,,,0.064,,,,91.80440568637275,,,,,92.09653465346534,80.4634780883789,,,,81.1508031834893,,,5.486733232089178,,,,,9.011303791511963,-0.7458486557006836,,,,7.747807303851938,,,8.142083972632765,,,,,6.400008299169761,0.48179981112480164,,,,5.4445454806567515,,,-0.8846966971555549,,,,,-0.815057823059484,-0.5077444937342079,,,,-2.0736541997462035,,,0.2783,0.6339,0.4541,0.5523,0.9072,0.7973,0.4945,66.3288770053476,,64.93987975951904,86.34158415841584,84.32275390625,,,,80.64468524251805,,"Patrick Corbin",9323,571578
2023,"Miles Mikolas","STL",34,201.1,0.2593,,,,,0.2443,0.2427,0.198,,,0.0538,,,,93.31893659529554,,,,,92.66645326504481,86.4030887564433,75.87914691943128,,,84.36918604651163,,,-3.8545596280345293,,,,,-8.728412466989436,1.35029633512202,3.8237914074842023,,,-8.587615966796875,,,9.000578987296441,,,,,6.874148477512804,2.1673969386779155,-8.391248272116904,,,5.220813839934593,,,-0.03378863510449919,,,,,-1.7763366305034383,0.62208848563743,-0.9199684518161355,,,2.6822603112736414,,,0.2693,0.6606,0.4961,0.7348,0.8864,0.8518,0.5796,57.556395348837206,94.51721958925751,74.18986731001206,85.66043533930858,108.08698453608247,,,,88.47947434292861,,"Miles Mikolas",9803,571945
2023,"Kyle Gibson","BAL",35,192,0.134,,0.1659,,,0.2614,0.185,0.0836,,,0.1702,,,,92.09730113636364,,89.82817150297619,,,91.92795576196474,81.61334380560498,79.45630075049213,,,85.49419729206963,,,-3.7997788937730346,,-0.08747678332858616,,,-8.841612385862721,5.123220640569395,2.964244211752584,,,-8.636498692879593,,,9.737199113175675,,6.423730274987599,,,5.104042956450725,1.0461334554326067,-3.9145906703678643,,,2.838800839805972,,,-0.6945693513026109,,-1.0174532450499043,,,-0.07681221764544095,2.0169637812255115,-0.01237748528090049,,,-0.294195328131174,,,0.2737,0.6465,0.4546,0.5537,0.8625,0.7668,0.4852,87.60928433268857,89.69094488188975,77.72579852579854,93.4506297229219,109.98375634517765,,89.75892857142857,,92.69426772697146,,"Kyle Gibson",10123,502043
2023,"Zack Wheeler","PHI",33,192,0.4334,,,,,0.1815,0.2665,0.1145,,,0.0041,,,,95.79355783308931,,,,,95.1734252076049,87.86964285714286,81.38254739439058,,,91.06154221754808,,,-4.227093675649707,,,,,-9.391905457823427,3.5622262137276786,5.078421214941136,,,-8.920153691218449,,,8.824377459278917,,,,,4.9162414123961975,2.4903570265997024,-5.694348787006579,,,6.481761638934795,,,1.681959935863493,,,,,1.635235840441672,-0.16811082893539042,-1.6077609954613399,,,-5.8962991031316605,,,0.328,0.6792,0.5117,0.5274,0.8304,0.7378,0.5232,47.907692307692315,115.73628808864267,111.85300146412885,105.48706293706293,106.80505952380948,,,,107.3997220678154,,"Zack Wheeler",10310,554430
2023,"Merrill Kelly","ARI",34,177.2,0.3007,,0.1811,,,0.1221,0.0546,0.11,,,0.2314,,,,92.17720086104514,,90.8260370438856,,,92.41754614400585,85.46927976919935,82.12532340706169,,,88.67531105324075,,,-4.728634215873664,,-1.3357534314518615,,,-9.325935586851243,0.164266012852488,4.588116930676745,,,-9.354290244020062,,,8.521056983929633,,7.167179506441075,,,3.911959107159174,2.136437908496732,-5.812564998478084,,,0.8875818134825907,,,0.03936978769344841,,0.8782064942624677,,,0.8330107682891059,-0.6367708245913188,-0.4489482513495854,,,2.4279111162701876,,,0.3326,0.6572,0.4879,0.5967,0.8409,0.754,0.4782,99.40154320987656,120.64090909090909,78.35831353919241,85.34269005847953,103.65947712418304,,87.203550295858,,91.61900000000001,,"Merrill Kelly",11156,518876
2023,"Taijuan Walker","PHI",30,172.2,0.1738,,0.1748,0.3324,,0.2341,0.0278,0.0571,,,,,,,92.85496957403652,,87.1804435483871,87.90805607104984,,92.43282897213855,82.5291114517405,74.8179012345679,,,,,,-5.718113649689402,,0.9428629106090914,-7.226129622879109,,-9.311535938676581,5.196278632441653,3.861580177589699,,,,,,9.819939108455882,,6.3134071596207155,1.8590244523793744,,6.962214090737952,4.330848017825356,-6.280432053554205,,,,,,-0.8064919361055017,,-0.42933652387751686,0.4834030479319149,,0.5003434645169111,-1.4218677071076407,-1.0731128423854157,,,,,,0.2777,0.6166,0.4385,0.6353,0.8916,0.8063,0.4744,,92.23703703703704,78.87099391480731,80.98358433734941,122.89769230769231,,99.33487903225806,103.74729586426298,93.8635510771369,,"Taijuan Walker",11836,592836
2023,"Chris Bassitt","TOR",34,200,0.0934,,0.1526,0.0331,,0.3936,0.1364,0.1256,,,0.0653,,,,92.43242054180887,,87.77703385960334,82.58365572415866,,91.88421052631578,75.59182425525701,70.65304766814721,,,84.1180449695122,,,-3.4341978522290955,,1.0263632374168188,-8.14875969519982,,-9.555708343876518,7.721986004125292,7.713477430004759,,,-10.236731850228658,,,7.550272970883106,,4.530208707104645,2.535240466778095,,5.127182043901822,-1.1623855305609303,-8.448883521375317,,,4.819390124809451,,,-3.6418234935799556,,-1.1875186341042807,-3.0660035339399023,,2.0658776043397697,-0.7194157968336177,0.6702502527590936,,,1.7054398048941684,,,0.2784,0.6343,0.4726,0.6071,0.8683,0.7984,0.5456,72.46097560975609,92.87487309644669,73.65426621160411,91.73692307692309,106.12917166866747,,95.02818371607515,78.01249999999999,91.58996517885407,,"Chris Bassitt",12304,605135
2023,"Sonny Gray","MIN",33,184,0.2718,,0.1313,,,0.1568,0.2044,0.1678,,,0.0667,,,,92.89751958224544,,87.5813502956081,,,92.78551859445702,84.34548611111111,79.57251750792811,,,87.86542137632979,,,-0.0588070493454099,,2.625543212890625,,,-6.332647125106052,8.442482842339409,7.127653029201903,,,-7.998563725897607,,,7.198864331755875,,0.5652919047587627,,,5.609909679015837,-3.3252777523464627,-8.352811591569768,,,3.4216117047249,,,0.6009651737059065,,1.3759519683348165,,,-0.44570851868768624,3.19944155570637,0.869198607371423,,,-0.6297000564951847,,,0.2877,0.6591,0.4741,0.4851,0.8734,0.756,0.5018,84.37287234042552,91.17399577167019,105.01383812010447,82.37194570135748,121.84090225563912,,117.62432432432435,,103.44773834377179,,"Sonny Gray",12768,543243
2023,"Gerrit Cole","NYY",32,209,0.53,,0.0701,,,,0.2082,,0.1207,,0.071,,,,96.65497412305923,,92.7160835597826,,,,89.13265236090776,,82.9093473800505,,89.09098377145922,,,-5.416181848404255,,0.7825477931810462,,,,1.9126939899226756,,5.088484947127525,,-8.614935748055258,,,10.23444463412881,,6.45704345703125,,,,1.3973982044404283,,-7.651211825284091,,6.122102794729077,,,1.6586571154219452,,0.6074649711018023,,,,1.691479636778943,,0.944394651198327,,-0.536697433038331,,,0.3002,0.6857,0.5002,0.5844,0.8355,0.7629,0.5187,72.12317596566523,,124.8781483611271,,136.39560761347,113.84949494949494,106.57652173913041,,121.01563071297988,,"Gerrit Cole",13125,543037
2023,"Blake Snell","SDP",30,180,0.4864,,,,,,0.1313,0.1979,,,0.1843,,,,95.51070733290071,,,,,,88.3644268329327,80.98054351076556,,,86.73441513270548,,,3.300077820814406,,,,,,-0.8687548270592322,-6.520717687774122,,,7.871147260273973,,,11.303179246430888,,,,,,4.832956754244291,-5.296363745389753,,,6.834794553991866,,,0.07305556230155157,,,,,,0.6750746236111109,2.5465399704196234,,,2.649281011281969,,,0.2804,0.6322,0.4287,0.3969,0.7927,0.6429,0.4214,72.251198630137,105.99617224880383,120.47027903958465,,106.74038461538463,,,,106.87674565560822,,"Blake Snell",13543,605483
2023,"Zach Eflin","TBR",29,177.2,0.0617,,0.2608,,,0.3194,0.0423,0.265,,,0.0508,,,,92.90314219732704,,88.4702380952381,,,92.24349749392466,79.9467907826835,79.06515373352855,,,86.42595270753817,,,-5.142974661581172,,0.6574598039899554,,,-10.19492092572904,8.373706502651949,5.917628096975659,,,-9.598473468809637,,,8.143270624508649,,5.1020387922014505,,,3.780850416255316,0.4058623707622563,-3.996442266997621,,,3.0739312790732347,,,2.529620742366749,,-0.011796425540177595,,,1.0916361492466666,0.33736128120794207,1.340678655494708,,,-0.6081214501657559,,,0.3422,0.6314,0.4959,0.5908,0.8624,0.7746,0.5316,74.70763358778626,100.30527086383601,82.97169811320755,98.08906439854192,122.21344537815126,,99.98690476190475,,98.0536707882535,,"Zach Eflin",13774,621107
2023,"Kevin Gausman","TOR",32,185,0.5083,,,0.3838,,,0.1079,,,,,,,,94.65961538461538,,,86.30730050933786,,,83.6117824773414,,,,,,,-6.785064227764423,,,-10.02376910016978,,,0.10187552414631916,,,,,,,10.028910006009616,,,3.0783106960950763,,,2.980477416623395,,,,,,,1.1266145859964383,,,0.3027447557838947,,,-0.9714884857936928,,,,,,,0.3299,0.6774,0.492,0.5352,0.8443,0.7338,0.4666,,,109.5630769230769,,89.3474272930649,,,104.75976230899833,105.2812418300653,,"Kevin Gausman",14107,592332
2023,"José Berríos","TOR",29,189.2,0.2039,,,,,0.3149,,0.2962,,,0.1849,,,,94.25309108931553,,,,,93.83038006756757,,82.6129849137931,,,84.10976346685082,,,-5.759682886190526,,,,,-9.613449113175676,,8.088770092492815,,,-8.707403530732044,,,9.189449049196577,,,,,7.10734058277027,,-2.727367883441092,,,2.6931307460721685,,,0.7169570139483339,,,,,0.6054658462872375,,0.30904943358966674,,,-0.38204308921680485,,,0.3148,0.6081,0.4644,0.5651,0.8617,0.7632,0.51,89.84622467771639,116.03413793103446,95.88497495826375,92.29027027027027,,,,,99.60657356948232,,"Jose Berrios",14168,621244
2023,"Lucas Giolito","- - -",28,184.1,0.4194,,,,,,0.2824,0.0154,,,0.2828,,,,93.10650370188715,,,,,,83.96947944124584,77.87959258410396,,,80.92727099501109,,,-3.502365408813294,,,,,,0.35832374818317103,3.2356918490662867,,,-7.623048634328229,,,10.650620259511632,,,,,,0.7401451699344749,-8.250130478216677,,,6.5672504568840075,,,-0.8513702811904373,,,,,,-0.24946882667538856,-3.71740637537168,,,-0.20176540903267998,,,0.2878,0.6612,0.4668,0.5105,0.8457,0.7381,0.4793,98.62771618625278,81.20612244897958,83.7357249626308,,107.0788013318535,,,,94.52491613272669,,"Lucas Giolito",15474,608337
2023,"Luis Castillo","SEA",30,197,0.4437,,,,,0.179,0.2214,,,,0.1559,,,,96.26001405481378,,,,,95.85836100827527,85.67831205985915,,,,88.3473984375,,,-7.587842586085734,,,,,-11.246655188371081,-0.1774267599616252,,,,-10.80716015625,,,7.723401539441321,,,,,2.8609755246896778,0.15427323462257922,,,,0.8559739990234375,,,1.3102600862777996,,,,,0.600107511317273,-0.12205461748469044,,,,-1.5973966941237447,,,0.3315,0.7052,0.5192,0.535,0.8028,0.7177,0.5023,83.345,,95.45453267744202,81.81759581881532,117.49774647887322,,,,96.02040816326533,,"Luis Castillo",15689,622491
2023,"Aaron Nola","PHI",30,193.2,0.2941,,0.0745,,,0.1885,,,0.3165,,0.1263,,,,92.71938670154185,,86.32434612771739,,,91.77783370919244,,,79.36888274053224,,85.92641225961539,,,-7.6273236379749445,,-0.3315878163213315,,,-10.57872822030713,,,6.501852670003839,,-8.947461563501603,,,8.647466852801486,,3.6985433827275815,,,5.277251043680198,,,-6.364606156441914,,2.7636665539863783,,,-0.0296133508831919,,0.3978685451590497,,,0.45246286221693477,,,0.47271456054679695,,0.13741515003717863,,,0.3647,0.6142,0.4921,0.5699,0.8636,0.7571,0.5105,70.11,,95.45859030837003,99.93797250859107,,117.63654042988742,110.92956521739129,,101.23109815354712,,"Aaron Nola",16149,605400
2023,"Jordan Montgomery","- - -",30,188.2,0.1063,,0.0161,,,0.4261,,0.2218,,,0.2297,,,,93.35386844758065,,88.23191281582447,,,93.27779314159292,,80.51051125386398,,,83.49372959421642,,,4.120509682932208,,-0.7267100151548994,,,9.254915416959976,,-1.2005904137259105,,,5.578298449160448,,,9.36225822202621,,4.565349010711021,,,6.557329050495274,,-3.2549088491354325,,,7.733164135377798,,,-0.684316075376926,,-4.41953642888272,,,1.2169082323126705,,0.8372364718311537,,,0.1938185156948531,,,0.2908,0.6609,0.4741,0.5724,0.8429,0.7592,0.4954,98.65044776119402,115.94466769706337,74.69451612903227,90.74690265486727,,,100.37021276595743,,96.5796678653969,,"Jordan Montgomery",16511,656756
2023,"Pablo López","MIN",27,194,0.3449,,,,,0.1058,0.2136,0.1247,,,0.211,,,,94.88120955177374,,,,,94.46312255859375,84.39133247871517,82.4708222811671,,,88.37617554858934,,,-3.42325978996884,,,,,-8.533718872070313,6.6959905004353715,4.546870143091015,,,-9.940908784776646,,,8.236002292066155,,,,,4.931593704223633,-0.023422754954996492,-5.632413585875332,,,3.5592163468603055,,,0.09884795322228485,,,,,2.07533833803609,1.3449982471833288,0.24967129473186614,,,-0.1692812994916611,,,0.3415,0.6782,0.5149,0.497,0.821,0.7168,0.5149,89.6023510971787,93.21432360742706,99.57622243528286,97.659375,111.08498452012388,,,,98.90552797087055,,"Pablo Lopez",17085,641154
2023,"Framber Valdez","HOU",29,198,,,0.1303,,,0.4698,,0.2436,,,0.1564,,,,,,85.66823323567708,,,95.28592057761733,,80.1637904770195,,,90.14316702819957,,,,,-1.1480156580607097,,,9.247942520306859,,-4.750877274112117,,,9.059978096190347,,,,,-0.3855520884195964,,,6.142693056182311,,-8.037144737987465,,,3.107180117526437,,,,,-0.13202021849186468,,,0.8923850458666736,,1.128355700595299,,,0.7306105257244275,,,0.3036,0.629,0.4705,0.4679,0.8812,0.7513,0.5129,95.84273318872017,117.35292479108634,,97.03458483754513,,,126.21223958333333,,105.68949694085659,,"Framber Valdez",17295,664285
2023,"Justin Steele","CHC",27,173.1,0.6258,,,,,0.0179,0.3391,0.0067,,,0.0105,,,,91.78520286396181,,,,,92.15416463216145,83.25252959801762,80.73333062065973,,,87.4857177734375,,,-0.14583353666246365,,,,,5.266833305358887,-7.352092726115088,-5.726555718315972,,,6.734749930245536,,,6.346240933584427,,,,,6.733500162760417,0.11708920852728352,-5.6028332180447045,,,4.752392905099051,,,0.6715934710279284,,,,,0.8903725926453868,0.5486044039875926,1.7363691495524511,,,-1.9350146608693257,,,0.3186,0.7049,0.5288,0.5244,0.8793,0.7818,0.5441,69.24615384615385,88.21666666666667,87.52324860508368,45.44347826086956,123.26772009029345,,,,98.94133702531646,,"Justin Steele",17312,657006
2023,"Mitch Keller","PIT",27,194.1,0.261,,0.2424,,,0.227,0.1609,0.0798,,,0.0289,,,,95.16904368857494,,89.70687624007937,,,93.8614384710452,82.75996015936255,77.98071975401606,,,90.71777886284723,,,-5.78760425464527,,1.352949758055349,,,-9.538008695268362,9.798705568351593,6.612811107712099,,,-9.428966606987847,,,8.721965817913084,,3.3768914439690807,,,5.513304974399717,-0.10045239269970897,-8.189879635730422,,,2.3895777384440104,,,0.6582494221023611,,-0.08607669511721248,,,1.6849401727908073,-0.4646672752214618,-1.9677066853845935,,,-2.7527125800649324,,,0.2525,0.6574,0.4764,0.6023,0.858,0.7974,0.5531,83.41111111111111,91.21767068273091,100.15995085995085,92.67231638418082,142.29541832669324,,99.08425925925927,,103.75253367543293,,"Mitch Keller",17594,656605
2023,"Cristian Javier","HOU",26,162,0.5836,,,,,,0.2998,,0.0753,,0.0413,,,,92.74494649227111,,,,,,79.50752314814815,,76.55806271601382,,83.71008403361344,,,-3.7326276962879015,,,,,,7.376851964879919,,6.455944430443548,,-9.563361672794118,,,10.683888692776456,,,,,,1.3609374717429832,,-5.978801955825173,,4.7124623531053045,,,0.4387424813581279,,,,,,-0.09050047180304924,,-1.1698753362701784,,-1.2861198769146656,,,0.2965,0.6819,0.4785,0.6186,0.8287,0.76,0.4722,78.31810344827586,,101.34524375743163,,107.88171296296294,90.66451612903226,,,101.70807409996509,,"Cristian Javier",17606,664299
2023,"Logan Webb","SFG",26,216,0.0368,,,,,0.3356,0.2115,,,,0.4161,,,,92.64017427884616,,,,,92.29662628745318,84.27801123699851,,,,87.45619335347432,,,-5.883145324185363,,,,,-9.609831277797285,6.487860442979198,,,,-6.855437771431269,,,5.496427095853365,,,,,0.47479493787672633,0.28718424055941216,,,,-2.441314236275019,,,-1.372061552018182,,,,,0.30737149944242914,0.10928670871576619,,,,2.178879258056872,,,0.3338,0.6057,0.472,0.6552,0.8949,0.8116,0.5085,111.99690332326284,,88.43076923076922,105.13885767790262,91.15527488855871,,,,104.35427672955971,,"Logan Webb",17995,657277
2023,"Dylan Cease","CHW",27,177,0.4316,,,,,,0.3863,,0.1517,,0.0303,,,,95.56392045454545,,,,,,86.25,,80.22929292929292,,74.59798177083333,,,-2.2672372297807173,,,,,,0.8237936352926587,,1.5894141611426769,,-4.197262542416351,,,11.048650568181818,,,,,,1.5315158420138888,,-8.840848918876263,,8.929030293166035,,,-0.1545847523216666,,,,,,0.39754203860721893,,-1.8310808157077942,,0.9984711580204241,,,0.2921,0.6721,0.4623,0.462,0.836,0.7056,0.4479,60.3909090909091,,124.69865056818183,,119.99539682539684,82.610101010101,,,114.5563190184049,,"Dylan Cease",18525,656302
2023,"Freddy Peralta","MIL",27,165.2,0.5118,,,,,,0.2173,0.1247,,,0.1462,,,,94.43909153475568,,,,,,82.38833316450567,76.95734573622882,,,88.60770896084337,,,-4.752787202124914,,,,,,3.3058023560955228,1.6763474631444208,,,-8.86125282379518,,,8.767721954576738,,,,,,1.6890275605880267,-3.2143785724532132,,,2.808337255271084,,,0.8948927823420811,,,,,,0.32704952542747057,0.2611480537528372,,,0.1520717278661498,,,0.2969,0.6715,0.4773,0.476,0.805,0.6989,0.4815,50.37614457831326,85.39491525423729,117.05650378527186,,115.21863857374393,,,,102.9400493131384,,"Freddy Peralta",18679,642547
2023,"Sandy Alcantara","MIA",27,184.2,0.2128,,,,,0.2903,0.2014,0.0221,,,0.2734,,,,97.96614583333333,,,,,97.64480814873417,89.88120152828468,86.13333333333334,,,91.12970430107526,,,-7.397927292476252,,,,,-10.569291435917721,-0.3716186189303433,1.4924266815185547,,,-9.792674731182796,,,7.987478411053541,,,,,4.653607718552215,2.702226179359603,-1.4137367248535155,,,2.54239252562164,,,-0.27104214490077655,,,,,1.7223938413058655,0.7178772302058927,-0.5167333533366522,,,-0.4326915283316886,,,0.3591,0.6975,0.5395,0.6053,0.8419,0.7684,0.5333,107.54892473118282,133.71333333333334,110.80017271157166,115.42835443037974,116.3764598540146,,,,112.99532100108809,,"Sandy Alcantara",18684,645261
2023,"Zac Gallen","ARI",27,210,0.4929,,0.1025,,,0.0037,0.0342,,0.2272,,0.1395,,,,93.55215490318551,,89.95555320945945,,,92.59166463216145,87.45856207770271,,82.49850736788618,,86.82339955849889,,,-2.4551217378786694,,0.9695075324347785,,,-6.9432417551676435,2.0952973236908785,,1.360948516101372,,-7.9790507941846025,,,9.959525418683635,,5.083033106348536,,,11.024250030517578,0.9827747516803913,,-5.765433789591802,,2.7347460614134933,,,1.6322556873789287,,-1.814923605492881,,,-12.6586870290339,-0.14537341959841615,,0.46501533458953304,,1.0464850739138016,,,0.3067,0.6408,0.4711,0.5198,0.8799,0.7608,0.492,85.6355408388521,,104.39862585883826,100.98333333333333,105.2144144144144,121.49173441734415,105.25045045045043,,105.81761658031088,,"Zac Gallen",19291,668678
2023,"Dean Kremer","BAL",27,172.2,0.3706,,0.2393,,,0.1456,0.0328,0.0892,,,0.1224,,,,94.63191881918819,,88.7504296875,,,91.89835497359155,82.84166463216145,78.12336865421456,,,85.32653740398045,,,-6.257850337292435,,1.4421142578125,,,-9.883802816901408,6.179426829020183,5.263448313278257,,,-9.435307508074372,,,9.812269372693727,,5.184300013950893,,,5.852136173158744,-0.5872291723887125,-5.98295037865182,,,3.0832123996159218,,,0.4303119949501599,,0.023593488548483168,,,1.7959441255095978,-1.4304632553830743,-2.289935776614138,,,-1.3893718201687884,,,0.2604,0.6787,0.4749,0.6065,0.8497,0.7847,0.5128,86.03798882681563,93.08390804597703,105.96411439114391,84.43591549295778,116.25104166666665,,103.67971428571427,,99.0709103353867,,"Dean Kremer",19350,665152
2023,"Corbin Burnes","MIL",28,193.2,,,0.5541,,,0.0766,0.0848,0.1721,,,0.1124,,,,,,94.42203985932005,,,95.30169160487289,86.0632183908046,79.85263856132076,,,89.32080924855491,,,,,1.5343318102927168,,,-6.154661016949152,6.677624464948515,5.809415075913915,,,-8.039306640625,,,,,6.7528724446805395,,,6.67720316224179,1.254172372635297,-5.963509268130896,,,4.402369857523483,,,,,1.5107595190353438,,,-2.4242360792043853,1.0831906164057867,1.3714924131361943,,,1.0669784426603015,,,0.2951,0.647,0.4618,0.5167,0.8443,0.7342,0.4739,82.03641618497109,160.0533962264151,,102.58389830508476,144.02950191570878,,127.16682297772567,,127.36887133925637,,"Corbin Burnes",19361,669203
2023,"Dane Dunning","TEX",28,172.2,0.0323,,0.1996,,,0.3312,0.2337,0.0471,,,0.1562,,,,90.51379254220546,,88.91021978101766,,,90.96483937569988,82.10047588045634,77.7275573249877,,,85.67030693289786,,,-4.251027600518588,,-0.14819330619613477,,,-8.83201566655585,0.8023762052021329,5.172556058628353,,,-10.330527117586476,,,6.6034827396787446,,5.715847766975488,,,4.578667481562325,-0.6536206442212301,-8.594899935985175,,,2.97041342547274,,,-3.605914334284848,,0.8103950440772847,,,1.3691019734069454,0.13817796217543737,-1.466348468084035,,,-0.8697808594077896,,,0.2806,0.6463,0.4688,0.5695,0.8841,0.7927,0.5148,64.78883610451305,76.91811023622046,70.81149425287357,79.10291153415453,100.82380952380953,,89.64386617100372,,83.58826545866475,,"Dane Dunning",19409,641540
2023,"Jesús Luzardo","MIA",25,178.2,0.4602,,0.0037,,,0.0378,0.2888,,,,0.2095,,,,96.71345454545454,,91.4181795987216,,,96.556640625,85.07242178447277,,,,88.3202875399361,,,8.924727272727273,,1.9288090792569248,,,10.601947075497788,0.8892039346529186,,,,9.92335466378794,,,8.217163352272728,,4.018763802268288,,,5.926708120160399,1.1636616341070394,,,,4.256805127421126,,,1.006063920530406,,0.7361425256187265,,,-1.8410056038240414,-0.2575006137406702,,,,-0.0857067154571652,,,0.3276,0.6582,0.4849,0.4698,0.8365,0.7067,0.4759,93.16884984025559,,105.54065454545456,94.64336283185843,111.3472769409038,,67.75454545454545,,104.09822623828649,,"Jesus Luzardo",19959,666200
2023,"Yusei Kikuchi","TOR",32,167.2,0.4507,,,,,,0.2594,0.1927,,,0.0972,,,,95.07244094488189,,,,,,88.70656634746922,83.12633805248619,,,88.68467010720804,,,6.353724394069882,,,,,,-0.6546648393414415,-2.895856263668278,,,5.635474434734261,,,9.34755936269685,,,,,,2.0572503085990936,-1.9817863450305018,,,4.3417153462876374,,,0.09148383322428531,,,,,,1.112047519162807,0.23780337588014305,,,-2.0228638891538564,,,0.3027,0.6625,0.4862,0.5167,0.8477,0.7467,0.5099,81.8992700729927,97.86243093922654,116.65448818897639,,100.88413132694937,,,,105.32879914984063,,"Yusei Kikuchi",20633,579328
2023,"Logan Gilbert","SEA",26,190.2,0.4189,,,0.1475,,0.0027,0.2967,,0.1342,,,,,,95.68300653594771,,,85.56798325116009,,92.5374984741211,88.66332360149943,,80.31173270089286,,,,,-3.803676630157271,,,-4.409095002990864,,-7.643125057220459,0.09367520201439951,,3.695841886559311,,,,,10.011846405228757,,,2.6110672740537995,,7.5428876876831055,0.591607856090506,,-6.92755126953125,,,,,0.0039839328820604125,,,0.21346363124465723,,-8.642533048987389,1.8442193074141133,,0.3878336836945038,,,,,0.3139,0.7003,0.5209,0.5469,0.8522,0.7668,0.5356,,,87.77720588235296,59.4875,133.32537485582472,109.77448979591837,,97.95243619489561,105.6184879725086,,"Logan Gilbert",22250,669302
2023,"Johan Oviedo","PIT",25,177.2,0.3923,,,,,0.05,0.3674,0.149,,,0.0413,,,,95.803250641574,,,,,95.65436241610739,88.18620861872147,80.92612436655405,,,88.13577394563008,,,-6.243592613879384,,,,,-9.391946472577601,2.1652602382990866,3.386869413358671,,,-9.33788665523374,,,5.98326770009089,,,,,5.504698068503566,2.0875981021689496,-0.4441666817879892,,,4.783138120077489,,,-1.250208347360225,,,,,0.9342255633349386,0.798368023274696,0.8245756950330091,,,-0.06652634318281965,,,0.2603,0.67,0.4641,0.4923,0.864,0.7592,0.4973,75.00406504065039,86.75382882882884,82.56484174508127,99.56040268456375,103.19506849315069,,,,91.36692385105673,,"Johan Oviedo",22487,670912
2023,"JP Sears","OAK",27,172.1,0.5026,,,,,,0.346,,,,0.1514,,,,93.07147814018043,,,,,,81.44808467741936,,,,84.10276857718894,,,6.801575511797363,,,,,,-3.3535382670740925,,,,9.919447094614055,,,8.285912560721721,,,,,,3.1850908340946322,,,,1.6724861953665036,,,-0.837611541989609,,,,,,-0.05911055599309264,,,,0.36129541265937043,,,0.298,0.6893,0.5092,0.6336,0.8294,0.7767,0.5399,83.26912442396312,,93.48743927827898,,92.93756503642038,,,,92.95113438045371,,"JP Sears",23429,676664
2023,"Kyle Bradish","BAL",26,168.2,0.2247,,,,,0.2061,0.3122,0.1732,,,0.0837,,,,94.4703177698145,,,,,94.97537051930146,88.0658942657767,84.80787575218818,,,90.82624257635747,,,1.2928819833276244,,,,,-6.706011155072381,6.575728036824939,2.7998687944474834,,,-7.304796313807975,,,7.425717024135751,,,,,6.903217091279871,0.3684065365096898,-6.921772428884026,,,4.873936717866233,,,-1.006359460608151,,,,,1.5450004467685872,1.7805822347336024,3.9888631332364075,,,-0.3918152589064378,,,0.2864,0.6273,0.4559,0.4789,0.8846,0.7564,0.4972,96.78325791855202,134.80240700218823,101.52731871838111,88.07591911764706,171.07572815533976,,,,125.82812736921915,,"Kyle Bradish",24586,680694
2023,"George Kirby","SEA",25,190.2,0.3936,,,0.0609,,0.2156,0.1975,0.114,,,0.0181,,0.0004,,96.11690647482014,,,84.80697560864826,,95.80952380952381,86.24480566756273,81.82298136645963,,,86.59411381740196,,73.19999694824219,-5.253282286280351,,,-6.156976744186046,,-9.44857171721059,5.707257889504929,4.752546417046778,,,-9.530254887599572,,-7.0246901512146,8.858156053282373,,,0.4391674219175827,,6.168226520807677,-1.1975250791050627,-7.267360521399456,,,3.2811961454503678,,0.7054049968719482,1.3355885786439874,,,1.0443679403600306,,0.4296406987314349,0.9911887795000093,0.4185585929832844,,,-5.307958552650377,,4.1571687906980515,0.3586,0.6852,0.5434,0.6455,0.8603,0.7987,0.5657,94.27058823529413,108.69254658385096,96.930845323741,105.5154351395731,125.50716845878134,,,95.39186046511628,105.62722772277232,,"George Kirby",25436,669923
2023,"Spencer Strider","ATL",24,186.2,0.5896,,,,,,0.3375,,,,0.0729,,,,97.24725274725274,,,,,,85.62571976967371,,,,87.02532986111112,,,-4.060906647063874,,,,,,2.449155488993522,,,,-8.811200086805556,,,10.802252532623626,,,,,,1.100278301568498,,,,7.480577799479167,,,0.3790387181708446,,,,,,1.7200130061201766,,,,0.9688285986582439,,,0.3639,0.6853,0.5296,0.3879,0.7672,0.641,0.5157,85.46488888888888,,141.1462087912088,,104.51151631477927,,,,124.61126668837517,,"Spencer Strider",27498,675911
2023,"Bryce Elder","ATL",24,174.2,0.1327,,,,,0.3773,0.3535,,,,0.1365,,,,90.72301793981481,,,,,89.47385901162791,82.74120996772592,,,,84.98971722365039,,,-2.60013753901083,,,,,-7.8416651526162795,-0.5001132211240069,,,,-6.5709514078566835,,,8.789576616236772,,,,,5.246455759447675,-0.5018162959381982,,,,2.4048791409764623,,,-1.1287718794490924,,,,,0.006016098482664242,1.048360713558732,,,,1.1112043859106717,,,0.2927,0.649,0.4602,0.5837,0.8884,0.7857,0.47,64.40051413881746,,61.76190476190477,81.66241860465115,92.21211519364446,,,,79.71202509585225,,"Bryce Elder",27779,693821