Name,Team,IP,FA% (sc),FT% (sc),FC% (sc),FS% (sc),FO% (sc),SI% (sc),SL% (sc),CU% (sc),KC% (sc),EP% (sc),CH% (sc),SC% (sc),KN% (sc),UN% (sc),vFA (sc),vFT (sc),vFC (sc),vFS (sc),vFO (sc),vSI (sc),vSL (sc),vCU (sc),vKC (sc),vEP (sc),vCH (sc),vSC (sc),vKN (sc),FA-X (sc),FT-X (sc),FC-X (sc),FS-X (sc),FO-X (sc),SI-X (sc),SL-X (sc),CU-X (sc),KC-X (sc),EP-X (sc),CH-X (sc),SC-X (sc),KN-X (sc),FA-Z (sc),FT-Z (sc),FC-Z (sc),FS-Z (sc),FO-Z (sc),SI-Z (sc),SL-Z (sc),CU-Z (sc),KC-Z (sc),EP-Z (sc),CH-Z (sc),SC-Z (sc),KN-Z (sc),wFA/C (sc),wFT/C (sc),wFC/C (sc),wFS/C (sc),wFO/C (sc),wSI/C (sc),wSL/C (sc),wCU/C (sc),wKC/C (sc),wEP/C (sc),wCH/C (sc),wSC/C (sc),wKN/C (sc),O-Swing% (sc),Z-Swing% (sc),Swing% (sc),O-Contact% (sc),Z-Contact% (sc),Contact% (sc),Zone% (sc),Season,Age,NameASCII,PlayerId,MLBAMID
"Rich Hill","- - -",429.1,0.3919,,0.0992,,,0.0255,0.0636,0.3618,,,0.0286,,,,88.29360014204545,,83.68275819975754,,,85.56257109402279,70.35874391564339,71.88306510237175,,,82.02039788848725,,,5.097417857776988,,-0.9843862491777573,,,10.130054260765373,-11.080199915731969,-9.893948795758819,,,8.40662541555528,,,10.673991632634943,,4.312579049461189,,,3.7252508301974676,-0.21220896516680182,-7.878090959498619,,,4.436389923095703,,,-0.4019016142595898,,-0.1508657429795498,,,0.24205723246715588,-2.1163183093204627,-0.1282600085124485,,,1.4581205443808096,,,0.2582,0.6207,0.4585,0.6486,0.8587,0.8057,0.5524,2021,42,"Rich Hill",4806,448179
"Adam Wainwright","STL",499,0.0949,,0.2334,,,0.2868,0.0009,0.3178,,,0.0597,,,,87.86913031827177,,84.21630859375,,,88.34729291757642,75.79999651227679,72.85251982368007,,,82.28238932291667,,,-1.252609514623959,,3.0222424683141096,,,-7.785187807041485,8.090499877929688,9.068920378989361,,,-8.266666692257926,,,8.661767964627309,,3.9719850597463453,,,7.139668267262555,-1.0305100168500627,-8.446714048032407,,,4.86967298719618,,,-1.2340176747350076,,0.21670147468827566,,,-0.11932522025951652,-9.393973435674395,0.45385232930628683,,,-0.49172355490785474,,,0.2453,0.5944,0.4289,0.6534,0.9095,0.84,0.5258,2021,40,"Adam Wainwright",2233,425794
"Justin Verlander","- - -",337.1,0.5024,,,,,,0.2684,0.1939,,,0.0353,,,,94.66216982709209,,,,,,87.16630901287553,78.62405824566832,,,85.5510890794837,,,-5.494566401772067,,,,,,1.7507660828946485,3.4365662829710706,,,-9.241320402725883,,,11.41679777058655,,,,,,3.0824098600679544,-6.682999956489789,,,6.034532464068869,,,1.4969582335271132,,,,,,1.1653912731996592,1.0798169613474666,,,0.054182816782723305,,,0.3289,0.6874,0.5156,0.6407,0.8563,0.7904,0.5208,2022,40,"Justin Verlander",8700,434378
"Zack Greinke","- - -",450.1,0.3541,,0.0662,,,0.0775,0.1456,0.1692,,0.0003,0.186,,,,89.11949535069635,,85.61923243856837,,,89.69014630004438,81.42196293451812,71.82633810139022,,52.20000076293945,86.43383937589115,,,-1.5032915594670184,,3.2776603046645465,,,-8.407093065498518,5.37403199647212,6.3674656076973495,,1.590000033378601,-7.635595981612405,,,9.46051389028966,,3.4560598715757713,,,6.1324069334642735,2.1821800172618575,-6.294454822572178,,11.03499984741211,2.880043448966719,,,0.34531562243444275,,-0.40543951237430936,,,-1.6287444105004742,-0.08521069518215338,-0.2847245050264043,,4.47931345552206,0.2229289888995682,,,0.2942,0.6348,0.4617,0.6812,0.8989,0.8284,0.4917,2021,38,"Zack Greinke",1943,425844
"Charlie Morton","ATL",521,0.3365,,0.0861,,,0.1045,,0.3926,,,0.0803,,,,95.12411390923025,,88.29427690163116,,,94.57566003632127,,81.44789842381786,,,86.53166792974322,,,-7.657918904068035,,0.01599068267050183,,,-10.594341880396792,,7.8705285067316115,,,-10.638559208106722,,,7.005933215897479,,3.078107932912367,,,3.3961051807068943,,-5.149206122528094,,,0.9664148393269102,,,-0.3759551040919584,,-0.08885087805010189,,,-1.2180450155906248,,1.6923525839852647,,,0.3701056041535569,,,0.2836,0.6096,0.4463,0.4573,0.8459,0.7221,0.499,2021,38,"Charlie Morton",4676,450203
"Max Scherzer","- - -",477.1,0.462,,0.0966,,,,0.1969,0.105,,,0.1395,,,,94.03316675607361,,89.27969279707058,,,,85.02675847909556,75.7918046274808,,,84.35481582671002,,,-7.161306346264002,,-0.920806021120021,,,,0.6700796498373507,7.559636349256762,,,-9.30980257537783,,,9.312609888142822,,4.769575816699626,,,,2.0765727489067833,-5.242396942021447,,,2.184832343246666,,,1.2479974120066268,,0.5548932191932648,,,,2.073064943324177,0.43913800121498475,,,0.23049447821858762,,,0.3171,0.6863,0.5101,0.4964,0.8003,0.7101,0.5227,2021,37,"Max Scherzer",3137,453286
"Johnny Cueto","- - -",325.1,0.2805,,0.0962,,,0.1994,0.201,0.0098,,,0.2129,,,,91.73994607765582,,86.98106238215615,,,91.60933093237736,84.36452265510782,76.27600158691406,,,82.87175778105595,,,-7.4525307916396155,,-2.7705292002489514,,,-10.245781177153521,0.2347970678095232,1.5867028045654297,,,-7.453363343127408,,,8.778928053445656,,5.700278282165527,,,5.541742703301031,3.6839960444043256,-0.38240460395812986,,,2.51608565891129,,,1.1079863637331977,,-1.261195504009845,,,0.611690602362273,-0.5800421071941392,-5.594216026365757,,,-1.0865967199823234,,,0.303,0.6915,0.5019,0.7232,0.8711,0.8275,0.5119,2021,36,"Johnny Cueto",6893,456501
"Lance Lynn","- - -",462.1,0.435,,0.2603,,,0.1492,0.0382,0.0629,,,0.0543,,,,93.07199594665272,,88.74091094452423,,,91.82456497032884,84.16564526201105,81.45681838358729,,,85.68229711797248,,,-3.2885385389037283,,0.42717203584227054,,,-7.54972998855006,1.1852006717604033,5.517654923368092,,,-8.355215264279305,,,7.991117907225979,,3.173950987976867,,,4.003941658897267,-0.3655748172682159,-0.7948770601887348,,,3.699882872367019,,,0.7016550975551665,,0.2737431097533796,,,0.10448206469208937,-1.8423884410132356,-2.283039928437018,,,-2.1616178007716194,,,0.2873,0.7193,0.506,0.5573,0.8201,0.7464,0.5062,2021,35,"Lance Lynn",2520,458681
"Wade Miley","- - -",320.1,0.1725,,0.4526,,,0.0258,0.0517,0.0294,,,0.2675,,,,89.91785545173329,,85.85406305164845,,,89.99384577824519,79.06961669921876,74.49053955078125,,,82.45453107587295,,,2.2417119461270523,,-1.3792608482669098,,,8.070938638540415,-5.930550149770883,-5.093574266175966,,,9.168023887396213,,,9.831151797474805,,4.532463838512771,,,7.30551511324369,2.204057634793795,-5.072500074231947,,,4.400052100375715,,,0.6571963236319579,,0.40065055916745984,,,-1.8640919574178183,0.7064212629428276,-0.6755666756952131,,,0.45093173551391175,,,0.2633,0.6705,0.4582,0.6657,0.8538,0.7974,0.4784,2021,35,"Wade Miley",8779,489119
"Yu Darvish","SDP",497.1,0.218,,0.2755,0.066,,0.1136,0.2478,0.0451,0.0334,,0.0004,,,,94.72699277321223,,86.94721572764598,89.14952380952381,,94.34524293072455,82.80608669457128,72.28857829909471,79.14811947471217,,81.60000101725261,,,-4.484942267922794,,2.1372357145713194,-4.345748581659226,,-8.792887054713427,7.372288317319889,5.909532127274112,4.7571617069100975,,-7.1308333079020185,,,10.377548974553056,,1.3865419652340185,3.348087681361607,,6.668960031154937,-0.6976590710566892,-9.01100264950383,-7.090714504844264,,4.953863143920898,,,-0.027169796155879514,,0.17633322255862674,0.6158403612318494,,0.5802869825599204,0.9407937445430692,1.7708890357970526,2.4154209790933403,,-2.238335957129796,,,0.2831,0.6399,0.4788,0.5457,0.8381,0.76,0.5485,2021,35,"Yu Darvish",13074,506433
"Clayton Kershaw","LAD",379.2,0.3786,,,0.0009,,0.0019,0.4448,0.1637,,,0.01,,,,90.68738361266294,,,84.44000244140625,,90.84545343572444,86.73518286945325,73.56598366859527,,,84.93508643434758,,,0.2531405969261013,,,5.691839981079101,,5.347863630814985,-2.4052416624622377,-2.2723939893576763,,,7.127140379788583,,,10.95970679483822,,,7.272959899902344,,10.850181926380504,4.548787596108608,-8.874176386739775,,,9.090228030556126,,,0.48170499971875264,,,13.512655720114708,,0.7639218460429799,1.827943836753559,0.6536213899646817,,,-3.479944162985735,,,0.3316,0.6736,0.4996,0.4639,0.8339,0.709,0.4914,2021,34,"Clayton Kershaw",2036,477132
"Alex Cobb","- - -",394.1,0.0129,,,0.3972,,0.4111,0.0197,,0.1591,,,,,,93.44523584275018,,,89.1147563056739,,94.18106170471557,86.21171569824219,,83.54129518254352,,,,,-6.178808280399868,,,-8.038795477101084,,-9.632851789097586,5.500367164611816,,3.0731238359639446,,,,,9.619779950096493,,,1.688690965624395,,5.364273893619012,-1.6842108964920044,,-6.817872274313951,,,,,0.9527369712789854,,,0.5102450436372151,,0.31690001069473295,-1.3149011268978938,,-0.21115578927200584,,,,,0.3102,0.5918,0.4475,0.5886,0.8817,0.7776,0.4877,2021,34,"Alex Cobb",6562,502171
"Kyle Gibson","- - -",541.2,0.1268,,0.1765,,,0.2938,0.1847,0.0802,,,0.138,,,,92.31885354853284,,89.54548325463739,,,91.97621701798349,82.74440324030644,79.3144096352525,,,85.05246980419717,,,-3.955692166187724,,-0.13310752832452663,,,-8.941151804894021,3.1843777597509675,3.3086282829042815,,,-8.787221740978033,,,9.644389710139707,,5.74238880017665,,,4.82115959971206,0.3207986245981375,-4.334720463161854,,,2.7195146696338095,,,-0.10000825206492985,,0.3261725371947307,,,-0.0001350874608417727,0.8498369275200285,-0.7419008933415674,,,-0.08662291744014708,,,0.2824,0.6559,0.4606,0.554,0.8701,0.7688,0.4772,2021,34,"Kyle Gibson",10123,502043
"Miles Mikolas","STL",448.1,0.2658,,,,,0.2331,0.2489,0.2001,,,0.0494,,,,93.38955265525053,,,,,92.8095450265067,87.09191647889469,76.07096400274433,,,84.21575875268624,,,-3.572889096192968,,,,,-8.458006149802165,1.3770005384085866,4.117733639292947,,,-8.033065664734062,,,8.883001144506784,,,,,7.153921040358152,2.5237223082940283,-8.532627759506614,,,5.31234951073939,,,0.6867100254320768,,,,,-0.22007912170923224,0.4393283693320248,-0.6808364354918259,,,1.0081549642079197,,,0.2722,0.6525,0.4909,0.6912,0.8867,0.8407,0.5752,2021,33,"Miles Mikolas",9803,571945
"Merrill Kelly","ARI",536,0.3046,,0.1683,,,0.1583,0.0192,0.1398,,,0.2099,,,,92.18975378413138,,90.86805073647923,,,92.22574138423458,85.45282903707252,81.82620723329741,,,88.31384396539345,,,-4.891721459023793,,-1.4891668718660458,,,-9.478804391481816,0.16913647771631396,4.649956959691541,,,-9.543216676838025,,,8.901990340262664,,7.356088895169234,,,4.692574238831636,2.133427673915647,-5.664077653556035,,,1.9415410461951643,,,-0.10595070128154038,,1.158278016773797,,,0.462225788561606,-0.49290752167221885,0.005457644382941312,,,1.0734082736173352,,,0.2963,0.6606,0.4858,0.611,0.8614,0.7881,0.52,2021,33,"Merrill Kelly",11156,518876
"Jose Quintana","- - -",304.1,0.3443,,,,,0.2039,,0.2713,,,0.1804,,,,91.1091729149189,,,,,91.07960402188827,,78.22853121950408,,,86.29850868379802,,,2.3412309428989486,,,,,7.8927195173485085,,-4.194116423196028,,,7.312326600228455,,,9.019116258727891,,,,,8.106326599409268,,-3.4635628401767793,,,4.113175057296183,,,0.3431288052508628,,,,,1.6226027519692778,,0.6283039696424713,,,-1.850331855764893,,,0.3198,0.6549,0.4664,0.6071,0.8777,0.7733,0.4375,2021,33,"Jose Quintana",11423,500779
"Drew Smyly","- - -",375.1,0.1594,,0.1375,,,0.2514,,0.1432,0.3076,,0.001,,,,92.07955902038452,,88.29512319886034,,,92.19568103756353,,78.85652152139075,78.66308289524922,,82.60000101725261,,,4.349839739904614,,2.760998822255417,,,5.219771233719822,,2.3437904689622964,2.2359356429594204,,3.883333206176758,,,10.799799978374718,,6.257903760318556,,,9.796855146124523,,0.33157191281866205,-0.4739267858265593,,6.566666920979817,,,-0.8203050211251139,,-0.700972705179529,,,-0.871644251218972,,-0.09213648404232501,0.013913115561936876,,-2.201824076473713,,,0.3086,0.6754,0.4896,0.5546,0.8563,0.7599,0.4935,2021,33,"Drew Smyly",11760,592767
"Chris Bassitt","- - -",539,0.1343,,0.1678,0.0124,,0.3629,0.1356,0.113,,,0.074,,,,93.03223953720106,,88.55007203014185,82.58365572415866,,92.40449282786885,77.2640350877193,71.20936883223685,,,84.93633189308682,,,-4.075349819565157,,0.7000127663849094,-8.14875969519982,,-9.615357325819673,7.438245592619244,7.939242393092106,,,-10.206575547000602,,,7.934171772932352,,4.921567313552748,2.535240466778095,,5.510645811987705,-0.2171236941688939,-8.248137078536184,,,4.479927578156401,,,-0.7461584758003588,,0.183975173702054,-3.0660035339399023,,1.7466568364227404,-0.511849638924264,1.0295507280450118,,,0.10701996480920307,,,0.2595,0.6405,0.4702,0.6205,0.8462,0.7905,0.553,2021,33,"Chris Bassitt",12304,605135
"Madison Bumgarner","ARI",321.2,0.3301,,0.3536,,,0.016,0.0009,0.1999,,,0.0987,,,,90.74596015580836,,86.75730953166227,,,89.96976843545603,83.3,78.13361353656046,,,84.81947254548676,,,5.599048741730409,,-0.7011966312780858,,,8.97267417020576,-2.1760000228881835,-4.54727637311435,,,8.265636941661006,,,8.92803275376272,,4.745265378926863,,,7.067441851593728,0.36600000858306886,-1.5265191342650342,,,4.414442340007126,,,-0.926445365592273,,-0.4510151984116018,,,-6.948345522721146,-20.941980704665184,0.024432651733372616,,,-0.4244534619194799,,,0.2563,0.6678,0.4803,0.6661,0.8742,0.8236,0.5443,2021,32,"Madison Bumgarner",5524,518516
"Nathan Eovaldi","- - -",435.2,0.3965,,0.1334,0.196,,,0.1042,0.1699,,,,,,,96.05937928473492,,91.38815174932066,87.8684168708395,,,85.64005794180285,77.81612461337457,,,,,,-7.797455224520109,,-0.4204141202180282,-7.756619966947115,,,2.7352642542132086,4.796092166835537,,,,,,8.273042054673217,,6.425358913255774,1.1740133071086816,,,1.611233526874484,-5.549010397224296,,,,,,-0.05182075584937275,,0.26892777248893096,1.242087625198551,,,-1.0738941404310487,0.9723289631332553,,,,,,0.314,0.671,0.5045,0.5416,0.8462,0.7578,0.5336,2021,32,"Nathan Eovaldi",9132,543135
"Patrick Corbin","WSN",504.1,0.212,,0.001,,,0.3782,0.3428,0.0033,,,0.0628,,,,92.07968927758817,,85.875,,,92.49904336734694,80.89665818457615,65.05926005045573,,,81.78867637356046,,,5.392701861801408,,-0.0037499999161809683,,,8.826868485431282,-0.962584955441545,-1.4270370999972026,,,7.48552763896803,,,8.668760054483077,,3.8887500762939453,,,7.026502025370696,0.7501522873305871,-0.9851852059364319,,,6.221362679567538,,,-1.2905134303459262,,1.0048681404441595,,,-0.6129622971401455,-1.0310005932532689,-12.551766454621596,,,-2.515910473614645,,,0.2978,0.6421,0.4667,0.5763,0.8909,0.7886,0.4905,2021,32,"Patrick Corbin",9323,571578
"Zack Wheeler","PHI",558.1,0.4259,,,,,0.1803,0.2608,0.1127,,,0.0203,,,,96.33389963958501,,,,,95.80795721276257,89.93244009958187,81.39246276731161,,,90.37740278513418,,,-4.882802368591687,,,,,-9.395480616695178,1.752548419253927,4.945570314488926,,,-8.388542347708665,,,9.17156553152789,,,,,6.1234437783457984,3.2347534609512545,-5.938024330527623,,,5.9993947778044445,,,1.4257732818941644,,,,,2.014170246309038,0.4984714059670731,-0.5089827500238195,,,-2.7246047821590453,,,0.3062,0.6863,0.5104,0.5482,0.8347,0.7551,0.5371,2021,32,"Zack Wheeler",10310,554430
"Kyle Hendricks","CHC",402.1,0.2053,,,,,0.3761,,0.0897,,,0.3289,,,,87.33771596763219,,,,,87.22419321678693,,73.05533825205738,,,80.29300857099514,,,-4.043561445980754,,,,,-8.067525400573006,,7.671298967137456,,,-7.370509708737864,,,8.849369980499125,,,,,4.923005031203576,,-7.11122973024633,,,5.795592195084952,,,-1.2068667340426942,,,,,-0.015090049223907937,,-1.3983692344132266,,,0.2117756414181978,,,0.3112,0.6281,0.4717,0.6653,0.8675,0.8017,0.5065,2021,32,"Kyle Hendricks",12049,543294
"Sonny Gray","- - -",439,0.264,,0.0949,,,0.2282,0.1634,0.2084,,,0.0401,,,,92.50706977739726,,85.83292593607088,,,92.41032953105197,83.11495609789823,79.20763575641915,,,87.8595631733698,,,-0.7536581943459707,,2.9309771002792733,,,-7.409435895912548,8.917717047497234,7.660603699958796,,,-7.798555890575643,,,8.15064132063356,,-0.8218780843223014,,,5.627287774031607,-3.2818141160813052,-8.136842429844727,,,3.9887112503878046,,,0.7552985312187508,,0.7715614444417197,,,0.08832838513778643,1.4630044522011174,0.9307080095195671,,,-0.392271371201918,,,0.2735,0.6258,0.4481,0.522,0.8694,0.7624,0.4955,2021,32,"Sonny Gray",12768,543243
"Tyler Anderson","- - -",486.2,0.3723,,0.2382,0.0003,,0.0805,0.0024,0.007,,,0.2992,,,,90.48525760926476,,85.23445386791965,90.05000305175781,,88.883197429713,77.76111348470052,73.52452778366377,,,79.91181036167966,,,4.66697632589458,,-0.7518928742329893,-10.451149940490723,,10.928543389524176,-2.5197210841708713,-1.2680147785060811,,,7.894151334285318,,,10.737960153408151,,5.943429856473845,5.257999897003174,,4.0590688571649896,1.2425199879540338,-4.405070457818373,,,6.672103962215862,,,-0.1179010511706115,,0.8959979699901999,-4.719424992799759,,-1.4589558174715151,-1.2019162583682272,-2.7436848659560367,,,0.5334363190606041,,,0.311,0.707,0.5189,0.6062,0.8319,0.7677,0.525,2021,32,"Tyler Anderson",12880,542881
"Ross Stripling","- - -",324.2,0.3701,,,0.0025,,0.0568,0.2282,,0.1158,,0.2266,,,,92.01091897898706,,,85.63846529447116,,90.07891388977465,87.12423881918697,,76.88948173714003,,83.03191201271865,,,-2.8963501391116853,,,-10.00838411771334,,-7.0552210905114,1.9876779911881786,,3.5603772833669725,,-5.928674951755146,,,10.876149399776319,,,6.050715519831731,,8.302829768381962,4.105764330847789,,-6.5264458250322805,,6.64587881459311,,,-0.34665273037294364,,,-0.8180678750459965,,0.8844808554973733,0.32431437176162914,,-0.46398050660183515,,0.16916961386901525,,,0.2884,0.6762,0.4903,0.621,0.849,0.7847,0.5207,2021,32,"Ross Stripling",13273,548389
"Martín Pérez","- - -",452,0.0799,,0.2491,,,0.3498,0.0089,0.0486,,,0.2638,,,,92.89379449939051,,89.58959586190662,,,92.26032447969382,84.08730158730158,78.83644321986607,,,84.40869743441358,,,6.755679482263877,,1.1869255313146785,,,9.755125445779036,-1.4872547898973738,-2.50283554344066,,,8.507131972750605,,,8.718710270333798,,6.923909545690245,,,5.954983866456066,3.315331670973036,-2.8018506998223396,,,5.361733338811099,,,0.3131097063739249,,-0.6192076495928545,,,0.637586890052446,3.225265053056535,-1.6156765249484482,,,-0.19035335896127786,,,0.2648,0.6337,0.4496,0.6763,0.88,0.8202,0.501,2021,31,"Martin Perez",6902,527048
"Jordan Lyles","- - -",536.2,0.3396,,0.0432,,,0.1319,0.2391,0.1496,,,0.0965,,,,92.10513770908537,,86.25540974398088,,,90.87899540247543,81.15855868316345,79.66211942347084,,,86.02553058741505,,,-4.056887163581105,,1.9932163359307362,,,-7.864044855459044,7.260667501657874,3.660533591014583,,,-8.062316660058132,,,10.042062117638725,,2.896910218261477,,,7.2369490469336615,0.21803623412300077,-8.314657036851091,,,4.641288369541755,,,-0.3332022254782447,,-1.3991889457825306,,,0.029128676887308615,-0.19923339415346947,-1.1331514469575046,,,-1.4934777134663952,,,0.2733,0.6735,0.4729,0.587,0.8836,0.7977,0.4988,2021,31,"Jordan Lyles",7593,543475
"Gerrit Cole","NYY",591,0.5078,,0.046,,,0.0026,0.2185,,0.1275,,0.0976,,,,97.34222497932176,,92.3878959760274,,,97.66400390625,88.74204859442575,,83.12075911243822,,89.62440776209678,,,-6.41231191680883,,0.1729132247297731,,,-10.2547998046875,2.0889909002770604,,5.226976975970449,,-9.033075279317876,,,10.519065181710092,,5.619771739663599,,,8.570399780273437,0.8521926784561209,,-7.154868212327533,,5.964967789188508,,,1.1354891631083612,,-0.09277972847767617,,,-4.663335368037224,1.6298837322475015,,0.11367459690943973,,0.3813900870661582,,,0.3137,0.6653,0.4898,0.5319,0.8135,0.7235,0.5009,2021,31,"Gerrit Cole",13125,543037
"Steven Matz","- - -",303.2,,,,,,0.5283,0.0495,0.1653,,,0.2568,,,,,,,,,94.35634126981898,88.9413807602221,77.9688844034784,,,84.71773680738406,,,,,,,,9.136866644565638,1.3691394831485675,-7.277196137420619,,,9.012917878798705,,,,,,,,7.00180980313651,3.3914104257050144,-4.64296661972589,,,1.3193724830328581,,,,,,,,0.05697156809621092,-2.170594360579476,-0.6885225964810626,,,0.791115308537011,,,0.2644,0.6423,0.4751,0.599,0.8394,0.7803,0.5577,2021,31,"Steven Matz",13361,571927
"Marcus Stroman","- - -",454.1,0.0643,,0.126,0.1223,,0.4292,0.184,0.0742,,,,,,,92.24082926787663,,89.72118258609154,86.47072465548422,,91.7875327065353,84.97961935960609,84.31306659814084,,,,,,-3.2405573874061284,,0.7290242092399427,-7.348839487191867,,-5.89968210989268,6.182395603092572,7.277933929905747,,,,,,7.89667710883128,,2.443996660951255,1.1122797953411852,,2.064961544506213,0.25404932225933513,0.31006078828464856,,,,,,0.11261403967329509,,0.967537378736563,-0.28671037050736076,,0.8075967765076778,0.6448413932141457,0.2921511461450295,,,,,,0.2848,0.6461,0.464,0.5626,0.8764,0.7794,0.4961,2021,31,"Marcus Stroman",13431,573186
"Alex Wood","SFG",367,,,,,,0.4559,0.3164,,0.0002,,0.2275,,,,,,,,,91.91167495983578,83.81563765914352,,83.5999984741211,,85.35543731558477,,,,,,,,9.8116316054813,-1.6146774919925895,,1.6666899919509888,,8.821180002542695,,,,,,,,6.031395821944172,-1.6331877845795557,,-5.786009788513184,,0.2451548030618605,,,,,,,,0.37110783439029843,0.08576576398693239,,-5.800173431634903,,-0.3853523299012744,,,0.2932,0.6221,0.4692,0.5615,0.8475,0.7645,0.5353,2021,31,"Alex Wood",13781,622072
"Kevin Gausman","- - -",551.2,0.5084,,,0.3623,,,0.103,,,,0.0263,,,,94.72672739391247,,,85.08868453865337,,,83.6444091796875,,,,83.96995708154506,,,-6.714185693109864,,,-9.0915554741077,,,-0.013913602159734358,,,,-6.624549178094823,,,10.024394535589314,,,2.6357013959242517,,,2.2559627566421243,,,,6.367853909603005,,,0.7353119341910244,,,1.0648720601615391,,,-0.699483245006648,,,,-2.3208125418475767,,,0.3462,0.7001,0.5225,0.5104,0.8245,0.7201,0.4982,2021,31,"Kevin Gausman",14107,592332
"Andrew Heaney","- - -",349.2,0.5937,,,,,,0.173,0.0838,,,0.1495,,,,92.41680163212705,,,,,,82.49781409514482,79.38333496392941,,,83.97153561770261,,,9.81606710197983,,,,,,-1.7346514695503545,-2.8257576633902155,,,10.783296974936684,,,8.171350077384401,,,,,,0.3048075977553669,-1.806410287875755,,,3.8711397569258135,,,-0.1300672594526947,,,,,,-0.5945818560641942,0.03784795967387218,,,-0.5540687140527663,,,0.3247,0.6582,0.4877,0.5683,0.8218,0.7355,0.4888,2021,31,"Andrew Heaney",15423,571760
"Yusei Kikuchi","- - -",425.1,0.432,,0.1369,,,,0.2466,0.0752,,,0.1092,,,,95.04483986879006,,91.26794386536817,,,,86.32178639107244,83.12633805248619,,,87.3219260250812,,,6.6493332300430685,,0.6952174125715743,,,,-0.8935653969252263,-2.895856263668278,,,6.116907426764001,,,9.586144393529647,,5.736784571704536,,,,0.8695845049730115,-1.9817863450305018,,,4.15555128670464,,,-0.35066256168274546,,-0.15289874481841456,,,,-0.20299963653087616,0.23780337588014305,,,0.20968158728194025,,,0.2924,0.6598,0.4814,0.5083,0.8332,0.7374,0.5145,2021,31,"Yusei Kikuchi",20633,579328
"Robbie Ray","- - -",385.2,0.4966,,,,,0.1018,0.3408,,0.0392,,0.0217,,,,94.21279666452854,,,,,93.33646322378716,87.78570088894568,,81.8585373793191,,88.04632478601792,,,5.193682931798478,,,,,9.373599038997167,0.1480606471266702,,-0.08154471327618855,,6.502426371854894,,,10.289223289856778,,,,,7.594287860374869,4.634985925549659,,0.15142276422764228,,8.068088419297162,,,0.6559457036118771,,,,,-0.6405401625123942,0.7455710539263543,,-2.6544273338787927,,-3.6582598627051883,,,0.3107,0.7161,0.5152,0.4902,0.8153,0.7181,0.5044,2021,30,"Robbie Ray",11486,592662
"Jameson Taillon","- - -",476,0.3931,,0.113,,,0.0927,0.1801,0.1618,,,0.0593,,,,93.89808519274617,,89.34110173292193,,,94.10028175546341,84.96592303449208,80.77634572485684,,,87.58927960886214,,,-3.4998555603732604,,1.5401756558160968,,,-7.977680174242549,4.122094371476846,5.210631749108016,,,-8.392420261641822,,,10.244015088841717,,6.899306182335767,,,8.670740199022266,2.7065964590232037,-6.00688406325572,,,6.593577779356708,,,0.12201901725728585,,-0.203837287514957,,,0.5856014339446354,0.11484626605462617,-0.09665804546932842,,,-1.486875087479272,,,0.2985,0.678,0.4947,0.5977,0.863,0.7857,0.517,2021,30,"Jameson Taillon",11674,592791
"Michael Wacha","- - -",386.1,0.3245,,0.1794,,,0.099,,0.0837,,,0.3135,,,,92.95952799805667,,88.46116037247619,,,92.44621726086265,,74.76536886608554,,,84.02959552261812,,,-4.443590629064929,,0.22755526804015339,,,-7.8310527754457375,,5.9116343116018095,,,-8.105290588188765,,,11.193385209338954,,6.323175973771056,,,9.379884519075093,,-5.946108962775204,,,6.503416606075172,,,0.04820168530241537,,-1.067472735382684,,,0.9527473600189151,,-0.37378381633341085,,,0.874298950222051,,,0.3009,0.694,0.5047,0.6079,0.8621,0.7891,0.5186,2021,30,"Michael Wacha",14078,608379
"Jon Gray","- - -",433.2,0.4669,,,,,,0.3808,0.0561,,,0.0962,,,,95.45124310450505,,,,,,86.3885008572905,77.2415808852838,,,88.39702497209821,,,-7.178391152936332,,,,,,2.4505750103491404,6.504926097636321,,,-8.186279660179501,,,7.10466756770993,,,,,,2.488215008161875,-5.336318891875598,,,4.663690476190476,,,-0.8596231723092942,,,,,,1.5375069663494163,-0.848317649975723,,,0.618246102905167,,,0.2833,0.6547,0.4791,0.5224,0.8462,0.7557,0.5272,2021,30,"Jon Gray",14916,592351
"Marco Gonzales","SEA",376.1,0.2433,,0.1596,,,0.1765,,0.1566,,,0.2639,,,,88.54363278561597,,85.89412136017839,,,88.40816235768501,,76.61946440508021,,,79.42842837880711,,,7.530357744147346,,2.162959087808135,,,7.014734141514468,,-2.2763601864085476,,,10.494784437460343,,,8.548334802993805,,6.763999850902578,,,10.083111583847248,,-7.241807450075201,,,4.401150969684426,,,-0.32953204585820006,,-1.6490758489524204,,,-0.2058863650434836,,0.4140248747273563,,,0.3331836199548644,,,0.312,0.6667,0.4929,0.7021,0.8778,0.8233,0.51,2021,30,"Marco Gonzales",15467,594835
"Sean Manaea","- - -",455,0.1541,,0.0017,,,0.441,0.115,0.0641,,,0.224,,,,93.55276473445596,,89.5923098050631,,,91.71958358847526,81.81689905237269,82.3738573003112,,,85.08045202426378,,,9.195690939051705,,0.45177478515184843,,,8.674569974265044,-2.099429852432675,-1.8367841886781557,,,8.012465814147333,,,6.097910299614098,,3.9251378316145678,,,7.074811107794348,1.3550139179936163,1.5374896565908218,,,3.9079632229275174,,,0.9165915610696573,,-4.836623599896065,,,-0.04422598960767255,-0.4906717437767872,-0.4603416948768608,,,0.2527869401131084,,,0.2792,0.6898,0.5088,0.5805,0.8254,0.7662,0.5591,2021,30,"Sean Manaea",15873,640455
"Ryan Yarbrough","- - -",324.2,0.0015,,0.3345,,,0.1957,,0.2252,,,0.2431,,,,84.33750343322754,,82.44823858087713,,,86.75611631523059,,71.39417729760021,,,78.4917123897454,,,5.917500257492065,,0.1857201792977073,,,8.77427092616998,,-7.56804543024377,,,10.405777979680018,,,3.5512499809265137,,3.45477558482777,,,6.4719979295452825,,2.530743884637889,,,3.297119206241372,,,5.709501914680004,,-0.5014282301999629,,,0.4636106148217488,,0.35208413558167245,,,-1.0628901879311168,,,0.3148,0.6562,0.4973,0.6913,0.8478,0.8017,0.5346,2021,30,"Ryan Yarbrough",16502,642232
"Trevor Williams","- - -",325,0.4709,,,,,0.1344,0.1718,0.0822,,,0.1408,,,,90.64637116387749,,,,,88.62650379757964,82.01476488363056,77.58665189179602,,,83.78544061302682,,,-3.991653964025907,,,,,-8.966492707789982,2.891350767125634,4.858638922025651,,,-8.585810850102021,,,6.814514882879643,,,,,2.261496614739598,1.4427643658603049,-0.8189803129734565,,,2.3606501124980044,,,0.127316221759873,,,,,0.37275391918827727,-1.6857560638201798,-1.9454301667096057,,,-2.6609476746118235,,,0.2843,0.6847,0.4777,0.6561,0.8777,0.8095,0.4831,2021,30,"Trevor Williams",16977,592866
"Taijuan Walker","- - -",489,0.2703,,0.084,0.2529,,0.1904,0.1308,0.0718,,,,,,,93.8700163692222,,87.52613263547961,88.48435112466305,,92.96475445406188,85.36275437037767,75.39947099988957,,,,,,-6.088432723734089,,0.723519643627985,-7.2786210193079235,,-9.352864722265235,2.256717742934722,3.6698514926559933,,,,,,10.174401514634232,,6.495966700988954,2.251569742185541,,7.479786719742177,3.6879796824561635,-6.628869140948508,,,,,,-0.2867832771143629,,-0.25737113192722516,0.8832907468573739,,0.7843492077359512,-0.06252875376337368,0.008726437895331703,,,,,,0.2784,0.6308,0.4552,0.6216,0.8693,0.7938,0.5016,2021,29,"Taijuan Walker",11836,592836
"Adrian Houser","MIL",356.1,0.1788,,,,,0.4996,0.1196,0.1178,,,0.0841,,,,93.84962886450691,,,,,93.20380520986241,83.58232021858679,80.22903168452237,,,86.43654001531995,,,-5.569677513319992,,,,,-9.639085803093439,2.8671972600136013,3.222239717694854,,,-9.133226231648084,,,9.051907368376163,,,,,4.798037063038353,1.530434632498915,-7.151960075988342,,,4.217212097583913,,,-0.26618451837195484,,,,,0.9448230577114596,0.1172584532991628,-1.4370967522995,,,-1.4283269753566192,,,0.2566,0.6324,0.4386,0.6954,0.9034,0.8406,0.4842,2021,29,"Adrian Houser",12718,605288
"Joe Musgrove","SDP",459.2,0.2237,,0.1946,,,0.0575,0.2363,0.2199,,,0.0679,,,,93.10812016488286,,90.32996487801535,,,92.75273391469923,83.37156001625722,81.65391280843605,,,86.88812796210858,,,-2.940421864808843,,0.5524280792370178,,,-6.826099687970449,6.973075028788837,5.597385070042581,,,-6.8701007275034485,,,7.7172282245715165,,5.225677211828399,,,4.884209027907628,-0.8039381632915122,-7.601788898728649,,,2.841969837365256,,,0.7097465951582451,,0.7198519787767478,,,0.365236770547484,0.6495118909919193,1.0265003202587182,,,-0.49485445052565225,,,0.3199,0.6092,0.4699,0.508,0.8651,0.748,0.5184,2021,29,"Joe Musgrove",12970,605397
"Eduardo Rodriguez","- - -",401.1,0.4108,,0.1983,,,0.1222,0.0684,,,,0.2003,,,,92.22140856797708,,88.58685746071981,,,92.2128419186409,83.08329599631125,,,,85.56780761997449,,,4.263584310535155,,-0.32277479426481465,,,8.632107323244623,-0.9381790500972212,,,,9.814079050966956,,,8.474218996292143,,5.542159869247542,,,6.235822948731687,-0.47059243930740186,,,,3.8950228103219646,,,0.4890290177764167,,-0.1522574353273056,,,0.3582255222702264,0.3752404479579564,,,,-0.14836425457824493,,,0.2778,0.6652,0.4781,0.625,0.8471,0.7848,0.5171,2021,29,"Eduardo Rodriguez",13164,593958
"Zach Davies","- - -",364.2,0.0531,,0.0781,,,0.4835,0.0102,0.0638,,,0.3113,,,,89.25650656434911,,87.15009981765594,,,88.8766409295809,78.93692345252404,75.04704457550801,,,79.36649966889506,,,-7.638165536011464,,-3.025615730515908,,,-9.098703564104126,5.237723013070913,5.036113194056919,,,-8.538012030146318,,,8.266804531481139,,6.989597497091927,,,7.066344937230953,-0.831015366774339,-6.216721558218519,,,4.725782099934567,,,-0.05126398982557319,,-0.7149486234730158,,,-1.0553790391934157,-1.7189101416331072,-0.9977443198778947,,,-0.0366149560429013,,,0.2472,0.6172,0.4193,0.6295,0.8686,0.7932,0.465,2021,29,"Zach Davies",13183,605200
"Blake Snell","SDP",436.2,0.5183,,,,,,0.198,0.1645,,,0.1192,,,,95.5007371007371,,,,,,87.87800693327975,80.74767801857585,,,87.17628100794605,,,3.5700417258522728,,,,,,-1.4210624081528838,-6.271447432668586,,,7.821773496448484,,,11.26601946406634,,,,,,2.9649389334430265,-5.4117879483721945,,,6.768440246582031,,,0.32791940637244055,,,,,,1.4110734919834749,1.0362610532311094,,,0.6516493912627045,,,0.2868,0.647,0.4473,0.4407,0.8084,0.6778,0.4458,2021,29,"Blake Snell",13543,605483
"Frankie Montas","- - -",332.2,0.2869,,0.0381,0.2377,,0.2618,0.1754,,,,,,,,96.27577770806347,,89.46585365853659,86.95410447348087,,95.95713244100426,88.27605808387368,,,,,,,-4.237202491167296,,1.7902968546239342,-6.9735024059256885,,-8.861724685658116,2.667915338681916,,,,,,,10.157719772714408,,3.8582623877176423,2.5048638053756846,,7.995907850515936,2.9063938593460343,,,,,,,0.0300773996087708,,1.533790968540238,1.2148629754572011,,0.20871653708690782,-0.3944689269824806,,,,,,,0.3246,0.6954,0.506,0.5426,0.8323,0.7374,0.4893,2021,29,"Frankie Montas",14309,593423
"Nick Pivetta","BOS",477.1,0.5116,,0.0225,0.0013,,0.0004,0.194,0.0715,0.1809,,0.0177,,,,94.22476874376711,,88.34432274070946,84.77272727272727,,94.36666870117188,85.84051360317211,79.37189230195911,77.77353587551951,,87.48965517241379,,,-3.2049130605328338,,2.570405372413429,-2.895263671875,,-7.680000305175781,3.0405151137155504,4.1199540458302275,3.991434382750129,,-6.670138023639548,,,11.937901639745302,,2.9445676236539273,4.4819089716131035,,10.613333384195963,2.139953536603918,-9.638279461576342,-10.502680134371877,,6.016069083378233,,,0.3257039650497507,,0.7028118098104322,-13.104412772438742,,2.296805878480275,0.766747773404996,-0.09477496769095199,-0.846993956050086,,-6.418401619483685,,,0.2943,0.6604,0.4803,0.5816,0.8504,0.7694,0.5081,2021,29,"Nick Pivetta",15454,601713
"Luis Castillo","- - -",535,0.3546,,,,,0.2166,0.2013,,,,0.2274,,,,96.7350066014136,,,,,96.7383269549532,86.14381863808059,,,,88.36280143325904,,,-7.428532407729114,,,,,-10.968980683055447,-0.3463587064481542,,,,-10.524234856751486,,,7.630857823915979,,,,,3.002308925364827,0.1231247870429775,,,,0.9908157658494304,,,1.0131275652892406,,,,,-0.07937348026877199,0.8248842166550144,,,,-0.4320791379584128,,,0.3119,0.6878,0.5012,0.552,0.8103,0.7305,0.5034,2021,29,"Luis Castillo",15689,622491
"Carlos Rodón","- - -",375,0.6015,,,,,,0.2931,0.0453,,,0.0602,,,,95.43518024744027,,,,,,85.52289975922683,79.39965309913981,,,85.18162973158628,,,4.363804142942701,,,,,,-3.8722413819411705,-3.170174176684655,,,8.190357118140994,,,10.549553816823641,,,,,,-0.16228437423706055,-6.328892192774118,,,6.604616820968668,,,1.1151462313140836,,,,,,1.2807181034767037,-1.278578271953071,,,-1.8035013316653845,,,0.3155,0.6927,0.5064,0.5441,0.7964,0.7187,0.5061,2021,29,"Carlos Rodon",16137,607074
"Aaron Nola","PHI",579.1,0.3346,,0.0521,,,0.1724,,,0.284,,0.1569,,,,92.80180785972405,,86.5514765872231,,,91.9822076291454,,,78.83695790199303,,85.60371408549405,,,-8.030009887534904,,-0.27642446429417605,,,-10.5523404491191,,,7.216435766072465,,-9.10152092594823,,,8.492315986623275,,3.8835969755921185,,,5.297640430683992,,,-6.259040383731618,,1.9299158578831246,,,0.5935052240881751,,0.8421058550414153,,,1.114152726118586,,,0.7027315382410314,,-0.37390972528745015,,,0.3415,0.6229,0.4912,0.5564,0.8381,0.7464,0.5319,2021,29,"Aaron Nola",16149,605400
"Brandon Woodruff","MIL",399.2,0.3675,,,,,0.2388,0.0986,0.1358,,,0.1593,,,,96.29331630481056,,,,,95.89547709493775,87.21317429315476,83.77914724042338,,,86.18280712794696,,,-3.883993240557817,,,,,-8.249167826041326,1.548031737312438,1.6266343077206942,,,-9.074155196693885,,,10.10639001968923,,,,,7.967522897382864,0.8876825968424479,-5.400312327020179,,,4.896994120479801,,,0.9144706298704601,,,,,1.4664988632791163,0.37617360138230854,0.8169580044971634,,,1.4856025174055212,,,0.3014,0.6721,0.5001,0.5503,0.805,0.7337,0.5359,2021,29,"Brandon Woodruff",16162,605540
"Kyle Freeland","COL",451,0.2205,,,,,0.224,0.2296,0.1249,0.0594,,0.1417,,,,90.21894618165925,,,,,89.51470588235294,85.12338312728937,80.6401800119248,80.5872641509434,,84.94579740046983,,,3.9232041152207167,,,,,7.802866223159809,-0.4255622798561031,-2.227474739254524,-0.8760329912293632,,6.595064399032517,,,7.726700479030912,,,,,3.9038610732898547,2.6914713094522664,-4.422828271867985,-2.901391371241156,,4.422571682198937,,,0.6882956013490801,,,,,-1.3179269324386673,-0.49283890933780883,0.2967078376699377,-1.9091383299245586,,-2.4205965547279837,,,0.2698,0.6728,0.4802,0.6,0.9006,0.8199,0.5221,2021,29,"Kyle Freeland",16256,607536
"Jordan Montgomery","- - -",524.1,0.1441,,0.0632,,,0.3346,,0.2267,,,0.2314,,,,92.96285757719966,,87.66293464572273,,,93.00823458568695,,80.24152770306617,,,82.7842990565727,,,4.979651514043662,,0.4886961940632824,,,9.5618695406455,,-0.7541753636565883,,,6.025147577733963,,,9.304517820200138,,5.319191759617633,,,6.637441829759247,,-2.5116923200372345,,,7.903883006474743,,,-0.6513528254784505,,-1.2657578142798545,,,0.8863472218188096,,0.7184527954662788,,,0.9441897695053868,,,0.3051,0.6824,0.4929,0.5625,0.8255,0.7437,0.4976,2021,29,"Jordan Montgomery",16511,656756
"Max Fried","ATL",428.2,0.3519,,,,,0.1227,0.1919,0.2345,,,0.0991,,,,93.93980114856161,,,,,93.53325123152709,85.78535233144684,74.3252582353415,,,86.28185886290015,,,1.223726907273944,,,,,6.346439605863224,-3.170681930902436,-4.737847947582756,,,7.4888414057289685,,,7.434761620632514,,,,,6.183645314183728,0.5057728324349471,-9.22308601300741,,,2.715873462397878,,,0.8548562603288068,,,,,0.8155606957748899,0.7117840043437762,1.5873512997263177,,,1.727219057700983,,,0.3039,0.6652,0.4845,0.5487,0.8587,0.7615,0.4999,2021,28,"Max Fried",13743,608331
"Zach Eflin","- - -",359,0.1012,,0.1576,,,0.3656,0.1016,0.2039,,,0.0702,,,,93.036514478211,,88.78916343446333,,,92.4276267497778,85.95009159736703,78.66948995955003,,,86.03201084036046,,,-6.191987193396332,,0.2340082229236832,,,-10.327409937031806,1.984522867900144,5.832495378449098,,,-9.076878461888228,,,8.105504559158184,,5.441307490228624,,,4.263722595555822,4.201679975938536,-3.603260547519816,,,3.983584610873429,,,1.4206846263430535,,-0.4904931193948213,,,0.6967153018004644,-0.4450119180533306,0.881309148419533,,,-0.12814077356505016,,,0.3164,0.6452,0.4911,0.6058,0.8613,0.7841,0.5312,2021,28,"Zach Eflin",13774,621107
"José Berríos","- - -",553.2,0.2492,,,,,0.2907,,0.3035,,,0.1566,,,,94.09861839829335,,,,,93.84009397241992,,82.83043976003408,,,84.48466732391783,,,-6.486024075328644,,,,,-9.971150764414046,,7.867247310293213,,,-8.810176186061307,,,8.629630789105743,,,,,6.7023092671881175,,-2.29594475118918,,,2.710088023173835,,,-0.7633914114268173,,,,,0.8584704529972781,,0.15696898153540492,,,-0.19629229972533943,,,0.3061,0.6295,0.4719,0.6048,0.8693,0.7857,0.5127,2021,28,"Jose Berrios",14168,621244
"Austin Gomber","COL",379,0.4183,,,,,0.0044,0.2288,,0.1652,,0.1832,,,,91.01492882901734,,,,,90.59629991319444,84.77847428455723,,76.41944186970339,,82.24046622077338,,,4.204509529273028,,,,,7.3799997965494795,-2.2438949024703025,,-3.373659082566753,,5.955422545508515,,,10.30441114704362,,,,,10.861333776403356,2.464874003927342,,-7.611206358950493,,6.450962313645178,,,-1.587270288873066,,,,,-3.8060684584909015,0.8953756690990848,,-0.4312536726563664,,0.6661152825590304,,,0.2591,0.6692,0.4741,0.5829,0.8704,0.7957,0.5244,2021,28,"Austin Gomber",16561,596295
"Framber Valdez","HOU",534,0.0271,,0.0861,,,0.4918,,0.2742,,,0.1208,,,,93.09495502436927,,84.48948295659221,,,93.99343765774861,,79.11226976290176,,,89.07070994989722,,,3.926513671875,,-1.3857032270184169,,,8.592135295068779,,-6.1023085159433,,,8.72371009442446,,,5.508853177411841,,-1.4400028811408052,,,4.682448223947817,,-8.646093131083068,,,2.1875436906334307,,,-1.292357834722471,,1.1233550531290448,,,0.627697390071194,,1.1959617600796069,,,0.7968881633611279,,,0.281,0.6186,0.4559,0.4638,0.8768,0.7542,0.5181,2021,28,"Framber Valdez",17295,664285
"James Kaprielian","OAK",314.1,0.4889,,,,,0.0741,0.2251,0.0954,,,0.1166,,,,93.28121047780927,,,,,92.82752420444682,83.92235983121623,78.45078484030331,,,84.20561857514359,,,-5.340743090063505,,,,,-10.157199705489958,1.7535211843742695,3.48489995470234,,,-6.029003859714368,,,9.07877482703669,,,,,5.8317742781205615,2.5516683795703816,-4.366947189031863,,,1.632186748434223,,,-0.3516891987625776,,,,,0.8338320116051521,0.18568903220165597,0.5333611171911745,,,-1.2893644844691596,,,0.2678,0.6639,0.4702,0.63,0.8356,0.7784,0.5109,2021,28,"James Kaprielian",18331,621076
"Cole Irvin","- - -",436.2,0.3711,,0.039,,,0.2012,0.0623,0.1217,,,0.2047,,,,90.92750366411381,,85.79961013793945,,,90.72392112391181,82.93594129044736,77.33504313252894,,,83.79672422863189,,,5.699338828401612,,-0.4667999744415283,,,8.620534130157077,-0.8597554717495273,-4.811491850469825,,,7.826264835539318,,,9.588542543608567,,2.7640523612499237,,,7.230773740966242,1.3061125365912476,-2.485871067930372,,,4.9570631980896,,,0.4921720893854774,,1.6447251953650266,,,-0.24800380123645224,-0.016752173236063466,-1.9043314236872486,,,0.5346957932315057,,,0.2942,0.6921,0.5147,0.6829,0.8658,0.8192,0.5542,2021,28,"Cole Irvin",19244,608344
"Chris Flexen","- - -",419.2,0.4013,,0.3035,,,0.0044,0.052,0.0811,,,0.1576,,,,92.17979424974696,,88.19484013838199,,,90.83333282470703,80.85596535422586,76.43497125177436,,,81.722775231373,,,-1.1518999411421837,,3.0998569460680887,,,-4.298946603139242,4.110304008830678,4.372225180349715,,,-6.934972675470068,,,10.774589687399361,,4.505389270643248,,,8.987643241882324,-1.2284684723073787,-7.258611335129034,,,5.504888475555735,,,-0.8411063869231143,,0.001460305820706407,,,-6.618177865942319,0.8714062542739239,-1.1828904696663871,,,1.008822105217449,,,0.2695,0.711,0.4882,0.6254,0.88,0.8091,0.4953,2021,27,"Chris Flexen",13896,623167
"Germán Márquez","COL",381.2,0.3738,,,,,0.1621,0.2387,,0.2004,,0.025,,,,95.14264290599617,,,,,94.85983533591312,86.95257943628533,,85.9545433994897,,87.03311012886665,,,-4.693919598410706,,,,,-8.512556729033884,-0.04035187576347863,,0.7286600031033911,,-6.457304593679067,,,7.331079448603551,,,,,5.6755619108614885,1.8624536952365836,,-0.8864136448612919,,4.573795318603516,,,-0.4172709721749117,,,,,-0.0032338520180546404,-0.24625726175813706,,0.9445094327859406,,-3.2684739477731086,,,0.2662,0.6761,0.4831,0.4751,0.8713,0.7685,0.5292,2021,27,"German Marquez",15038,608566
"Lucas Giolito","- - -",524.2,0.4437,,,,,,0.2456,0.0249,,,0.2858,,,,93.18226712702378,,,,,,84.56645489959438,79.45630735105222,,,81.15396700706991,,,-3.773039482226711,,,,,,0.8160967626345005,3.451121201386323,,,-6.894080798080936,,,10.83395636645625,,,,,,1.5244244718464464,-6.627596399805567,,,6.975852229140073,,,-0.36624044117718263,,,,,,-0.010612381918447763,-1.6520220400379586,,,0.3040254862286964,,,0.2945,0.6748,0.4813,0.5026,0.8253,0.7248,0.4912,2021,27,"Lucas Giolito",15474,608337
"Tyler Mahle","- - -",326.1,0.5242,,0.0492,0.1913,,,0.2353,,,,,,,,93.65048322725376,,85.47224095028915,85.84693656006976,,,85.96532680874779,,,,,,,-7.075696249119626,,0.45560748891049857,-8.756435663026075,,,1.440165180180754,,,,,,,10.140928239774624,,5.875079226239296,5.419291783338933,,,3.2691462891442433,,,,,,,0.47851047452184714,,-0.21790581957513327,0.5671178313672597,,,-0.402734771515021,,,,,,,0.269,0.637,0.4507,0.5861,0.8236,0.7518,0.4938,2021,27,"Tyler Mahle",16358,641816
"Nestor Cortes","NYY",314.2,0.4532,,0.277,,,0.0267,0.1855,0.0008,,,0.0568,,,,91.45484463623472,,86.43725951887045,,,90.52592276114005,77.18251463802639,72.42500305175781,,,82.99930245535714,,,2.9103533493494695,,-2.2348323280176547,,,7.236962297227648,-8.064701625279017,-4.204999923706055,,,8.024135895307056,,,11.226635944572834,,4.517794318406774,,,8.586051121464482,1.8334616069346348,-7.239999771118164,,,3.273921953261106,,,1.4341559654417046,,1.0873384475920729,,,3.223024711564735,-0.1440990549414905,-9.336220193654299,,,-2.3104382516615067,,,0.2789,0.6835,0.4948,0.6778,0.82,0.7826,0.5335,2021,27,"Nestor Cortes",17874,641482
"José Urquidy","HOU",334.1,0.5049,,0.0239,,,0.0196,0.1644,0.1151,,,0.172,,,,93.13968885693829,,87.44062805175781,,,93.75142647879464,79.94256474021886,78.24619252407376,,,85.56171218640375,,,-4.927446750209495,,1.6346875429153442,,,-8.926657104492188,7.247162384829917,4.0387487179649515,,,-9.584087782464678,,,11.560787474413052,,3.808046817779541,,,8.073047310965402,0.9293779742298278,-7.9615009623176665,,,7.327471734644792,,,0.3249518732978781,,-0.7720572350081056,,,-1.3837968770946776,-0.6694983378069626,-0.4931870582279549,,,0.7278268756809566,,,0.3146,0.6983,0.5197,0.6459,0.8485,0.7914,0.5344,2021,27,"Jose Urquidy",18413,664353
"Cal Quantrill","CLE",435.2,0.0632,,0.2101,0.0302,,0.4136,0.1031,0.0592,,,0.1206,,,,94.1402266068892,,88.35426990772386,86.76333705357143,,93.8399658203125,88.14080997562674,82.04393131293139,,,85.36785714285715,,,-4.879867206920277,,1.115820925771905,-6.504618908110119,,-7.3810972849528,1.1084400910188892,1.598339769446734,,,-7.029273986816406,,,9.585027451948687,,4.296308954203691,2.898238118489583,,8.801718690660264,3.5022979778831718,-1.3204562962055206,,,5.117324901762463,,,-1.909684008834037,,0.15923331758377898,-1.1313718379963014,,0.310414212419548,1.6109829171869416,0.8589027729789608,,,0.2948648376124246,,,0.2837,0.6795,0.4749,0.6866,0.8784,0.8192,0.4831,2021,27,"Cal Quantrill",19312,615698
"Eric Lauer","MIL",324,0.4379,,0.2153,,,,0.1408,0.1494,,,0.0566,,,,92.66042563953033,,89.15173930005567,,,,86.57665049828753,78.08031622180145,,,86.68613121278824,,,6.2084490320302725,,1.5060496892435657,,,,-0.9617902938803191,-2.9191510939656378,,,8.573226965627363,,,9.911927911219147,,6.427287534498582,,,,2.821169522640461,-4.154484224202872,,,5.007693749089395,,,0.07835001256736344,,-0.8238400123299331,,,,1.8100731678780568,-0.6842015065198132,,,-0.45396570717134777,,,0.2649,0.6564,0.4715,0.6686,0.8334,0.7897,0.5278,2021,27,"Eric Lauer",19316,641778
"Corbin Burnes","MIL",562.2,0.0054,,0.5454,,,0.0777,0.0895,0.1794,,,0.1026,,,,96.33958180745442,,94.88032786885246,,,96.14057441546763,87.42883895131087,80.91800525700934,,,90.03093724468954,,,-3.3164584636688232,,1.9334139464331455,,,-6.519597115276529,4.784531877877263,5.829663466218848,,,-8.131579563248911,,,8.385416666666666,,6.811245877625512,,,7.202992742524731,0.6428576694445663,-4.463626089125778,,,4.53626352613528,,,-6.1492461400727425,,1.6299009567401448,,,-1.772514932232795,1.6828560687778296,1.7608510999943237,,,0.2581768427734022,,,0.3156,0.6412,0.4683,0.445,0.8242,0.6885,0.4691,2021,27,"Corbin Burnes",19361,669203
"Dane Dunning","TEX",443.2,0.014,,0.1388,,,0.4065,0.2448,0.0178,0.0126,,0.1655,,,,90.32799987792968,,87.88529511881019,,,90.23958263370982,80.1705885559814,77.7275573249877,78.19777662489149,,84.71790507033064,,,-4.230694007873535,,-0.12468076700650434,,,-9.176434103691594,2.083447748834511,5.172556058628353,3.767111237843831,,-10.47663997637259,,,6.312729988098145,,5.282735177277318,,,3.917434624169519,-1.7987327641041058,-8.594899935985175,-8.390888680352106,,2.9825456400175354,,,-3.524704977869988,,-0.1002400854653102,,,0.4334925809693222,-0.6476285217967053,-1.466348468084035,-0.2624987976418601,,-0.9256614422475969,,,0.2915,0.626,0.4558,0.5919,0.8745,0.7825,0.4911,2021,27,"Dane Dunning",19409,641540
"Shane Bieber","CLE",424.2,0.3488,,0.1641,,,,0.2556,,0.199,,0.0326,,,,91.6526944008079,,86.76479077521171,,,,85.07170707669933,,82.55452461152636,,86.9874995304988,,,-5.642464053909055,,0.7726106948524941,,,,1.0186539957732126,,5.1595909424788555,,-8.380600855900692,,,10.237778285247419,,4.623883516733883,,,,1.1130306059352035,,-6.365499645026063,,4.424817452063928,,,0.14983420385653068,,0.831906006579067,,,,1.8195400346442372,,0.030587773028553047,,-0.8236367739020632,,,0.3168,0.6388,0.4795,0.4236,0.8637,0.7199,0.5053,2021,27,"Shane Bieber",19427,669456
"Aaron Civale","- - -",343.2,0.1486,,0.3209,0.0646,,0.1668,0.074,0.225,,,,,,,91.41933737186352,,87.28458049886622,85.52056179852553,,91.83380546278626,82.80098040156633,77.05101019351252,,,,,,-2.2783806192685225,,2.644488068664966,-6.3067070329693005,,-7.616324887540895,5.443105711690917,5.9984317369391675,,,,,,10.17397783669293,,3.734370778747697,4.091678329252861,,7.372453828934365,-0.09968674680817625,-9.22808408621539,,,,,,-1.417516253095216,,1.3389771757752986,-2.3298593746944216,,0.3479530858109535,-0.936752981540612,1.1741863218834059,,,,,,0.2985,0.6409,0.4692,0.6112,0.8696,0.7871,0.4985,2021,27,"Aaron Civale",19479,650644
"Shohei Ohtani","LAA",428.1,0.3416,,0.1207,0.1216,,0.0329,0.3276,0.0556,,,,,,,96.48068576388889,,88.61425301366708,88.66170684070121,,95.71171171171171,84.13218474139882,76.71653125,,,,,,-2.811354160308838,,1.5025111018000423,-3.7488292414967606,,-9.510315216339386,7.7340877562316095,5.948397379557291,,,,,,8.72749137878418,,2.8065527463720823,2.035112185594512,,3.93444604272241,2.317645962716444,-7.745863932291667,,,,,,0.16414807873338252,,0.09234422859014985,2.05964513804491,,0.02215606168852196,2.318948397354715,-0.658385576804479,,,,,,0.2732,0.6558,0.4781,0.4252,0.818,0.7137,0.5354,2021,27,"Shohei Ohtani",19755,660271
"Brad Keller","KCR",318.2,0.3227,,,,,0.2389,0.3402,0.0315,,,0.0667,,,,94.18788532955546,,,,,93.46118870100837,86.2502938560596,85.10636063945087,,,90.21907255500149,,,0.5675476367037061,,,,,-6.374069155441934,3.298271820419042,2.0749386803952254,,,-6.486756067509872,,,7.8179818768568445,,,,,5.22501764449899,-1.2440265946564095,-3.7519548118459007,,,4.778344562333026,,,-1.2412613313382779,,,,,-0.7204265065797388,-0.1856302284002941,-0.23873475934728722,,,-0.6502622804459823,,,0.2502,0.6614,0.4498,0.5508,0.8918,0.7943,0.4855,2021,26,"Brad Keller",15734,641745
"Pablo López","- - -",476.2,0.3568,,0.0652,,,0.101,0.085,0.1015,,,0.2904,,,,94.15083049207519,,90.00766286542338,,,93.91432189941406,84.39133247871517,81.53199380667098,,,87.88922207597373,,,-3.5598525185449685,,-0.5661894890569872,,,-8.961484591166178,6.6959905004353715,5.306127044203368,,,-10.344519573709238,,,7.959218706805197,,4.289012047552293,,,4.380638043085734,-0.023422754954996492,-4.9731993601112165,,,2.5854574009992075,,,0.2971554396779081,,-0.2582601647103025,,,1.1052214443528405,1.3449982471833288,0.4874079850130748,,,0.18419707058996393,,,0.3263,0.6778,0.5045,0.547,0.8266,0.7375,0.507,2021,26,"Pablo Lopez",17085,641154
"Ranger Suárez","PHI",386.1,0.2014,,0.0792,,,0.3757,0.0384,0.0939,,,0.2114,,,,93.40600449109287,,88.59002275330957,,,92.72536380096567,83.49747960707721,76.02508691741839,,,84.39694919193364,,,4.640736514993245,,0.02186966719306899,,,9.73155365645118,-2.2848311111706647,-5.680103105368073,,,8.89063328700062,,,7.105236337507506,,3.8339837534607306,,,4.240446452521459,1.901534535303837,-5.501958788055735,,,3.63077804134785,,,-0.36250511326009127,,-0.16706517144521726,,,1.4326806934030782,0.3822002121630837,0.8911788662018645,,,-0.2328481388787656,,,0.2698,0.6406,0.4538,0.5741,0.8762,0.7857,0.4962,2021,26,"Ranger Suarez",17277,624133
"Michael Kopech","CHW",318,0.6213,,,,,,0.2752,0.0613,,,0.0422,,,,95.50517744793173,,,,,,84.47380838325645,79.05278663970857,,,88.42893845578458,,,-6.12330347601306,,,,,,2.6038295314796294,3.6965513257337106,,,-8.797050573470745,,,10.486520040576638,,,,,,-0.24929819475545514,-4.005231756618645,,,4.7322948090573576,,,0.12820721791164358,,,,,,-0.7212477640670394,0.5818627938584499,,,0.20340361018130118,,,0.2666,0.6209,0.4402,0.5667,0.8333,0.7509,0.4898,2021,26,"Michael Kopech",17282,656629
"Justin Steele","CHC",349.1,0.5758,,,,,0.0703,0.2993,0.0391,,,0.0155,,,,92.1054176351584,,,,,92.36115312695802,82.79587629518183,78.96396396396396,,,87.5443187193437,,,0.03988153313437404,,,,,6.468190472825129,-7.313009578853109,-6.352873793593398,,,6.766624851660295,,,7.057370599490406,,,,,6.977213082755718,-0.5298780838929301,-4.8778874165302994,,,5.995761405337941,,,0.19201803285392519,,,,,-0.2752993171824549,0.7476048451904274,0.8343223549492724,,,-0.8956422436643731,,,0.285,0.6783,0.4942,0.5284,0.8696,0.7775,0.5319,2021,26,"Justin Steele",17312,657006
"Mitch Keller","PIT",454,0.36,,0.099,,,0.1685,0.2024,0.1219,,,0.0482,,,,94.75370854048296,,89.70687624007937,,,94.12882610282513,84.31610810155239,78.44146040149201,,,90.7942946060844,,,-4.895392783425071,,1.352949758055349,,,-9.2819425616972,6.287587480434008,5.819742278561044,,,-8.900046058323072,,,8.8937529407848,,3.3768914439690807,,,6.045617673410032,-0.11472645644845506,-8.372212828934257,,,3.616662999858027,,,-0.16352696798064492,,-0.08607669511721248,,,1.6414254718541914,0.0755728782669076,-2.035151612889882,,,-2.7361821160530266,,,0.2608,0.6463,0.4644,0.616,0.8742,0.8058,0.5281,2021,26,"Mitch Keller",17594,656605
"Dylan Cease","CHW",526.2,0.4318,,,,,0.0032,0.3752,,0.1477,,0.0421,,,,96.31886932804365,,,,,96.47666829427084,86.59900069563356,,80.40130699329224,,77.15954372415712,,,-2.5077981530304676,,,,,-4.998333231608073,1.765114144103168,,1.8715591043385151,,-4.552847204620905,,,11.105405550691172,,,,,11.227999877929687,0.7534446193747324,,-9.547817570476795,,8.868483526409431,,,-0.0554703375541215,,,,,5.21771630893151,1.4621591123169688,,-0.9389042246484341,,-0.6195861362773953,,,0.2974,0.6676,0.4671,0.4787,0.8016,0.6903,0.4584,2021,26,"Dylan Cease",18525,656302
"Freddy Peralta","MIL",388,0.5215,,,,,0.0043,0.2263,0.1277,,,0.1202,,,,93.66275300546761,,,,,92.64643205915179,81.25202558880393,76.6039482737272,,,87.95476271206421,,,-4.987452291150742,,,,,-8.5625,5.0501688076899605,2.630355189291484,,,-8.92368491147343,,,9.064852243984776,,,,,7.6557143075125555,1.7464440226072242,-2.975358851788717,,,2.5793264987659574,,,1.1121284618079226,,,,,-8.486187803958144,0.717515360649459,1.4501595121037447,,,0.09199026475034493,,,0.2735,0.6543,0.4595,0.4869,0.7874,0.6959,0.4885,2021,26,"Freddy Peralta",18679,642547
"Sandy Alcantara","MIA",619,0.2278,,,,,0.2725,0.2215,0.0165,,,0.2616,,,,97.99433451876513,,,,,97.68530174595142,90.12051598294323,84.86666788736979,,,91.59084708456348,,,-7.26692976316586,,,,,-10.579886766194331,-0.8512684035586171,1.4536373329162597,,,-9.939110030709616,,,8.096479409427966,,,,,4.644449408527328,2.4263296545264255,-1.7042279879252116,,,2.5176001604676297,,,-0.22498479875178948,,,,,1.5737374648753448,0.735421845897201,-1.9146846234798434,,,1.0993583980226558,,,0.3403,0.6967,0.5322,0.5667,0.8429,0.7614,0.5384,2021,26,"Sandy Alcantara",18684,645261
"Zac Gallen","ARI",515.1,0.4998,,0.1138,,,0.0025,0.0382,,0.1983,,0.1474,,,,93.69719671338811,,90.00732318205945,,,92.97618974958148,86.65759509122825,,81.70657686890986,,86.41336129610656,,,-2.689912968410162,,1.4607494864494177,,,-6.860423905508859,2.886449379257009,,2.3675030465538405,,-7.859491867315573,,,10.18934267762204,,4.921093335323779,,,10.899571600414458,0.6504366910910304,,-6.216272835028738,,2.6131475229732324,,,1.3332619135969788,,-0.5918921186982193,,,-12.02665806881019,-2.142887982197955,,0.7336492288344961,,0.717148696240343,,,0.3065,0.6244,0.4625,0.5797,0.8766,0.7764,0.4908,2021,26,"Zac Gallen",19291,668678
"Dean Kremer","BAL",351.2,0.389,,0.2574,,,0.1,0.0164,0.1122,,,0.125,,,,93.82501094829833,,88.23521330249088,,,91.83532298221523,82.84166463216145,76.91095769641244,,,84.4367479001238,,,-6.088029694902421,,1.642785145686223,,,-9.912559769666236,6.179426829020183,5.160076013620222,,,-9.386147816975912,,,9.887380542227865,,5.072897923719978,,,6.2356997024484055,-0.5872291723887125,-7.659299957879239,,,2.2763661582613253,,,0.28676767574035583,,0.6052501766450841,,,0.918238959672508,-1.4304632553830743,-2.1855062727151577,,,-2.0009691460577193,,,0.2767,0.6734,0.4805,0.6193,0.8653,0.7964,0.5138,2021,26,"Dean Kremer",19350,665152
"Joe Ryan","MIN",335.1,0.5893,,,0.1332,,,0.1799,0.0368,,,0.0607,,,,92.07797699021806,,,83.93269600718195,,,81.18530891828141,74.54356580677599,,,84.4495508692286,,,-6.802536185371076,,,-7.627551620212039,,,3.1933130498111186,5.511930786737121,,,-10.766726840365756,,,8.233884906385324,,,1.3387660745393724,,,1.148073952007197,-4.8710891421478575,,,5.2735737293690175,,,1.3637607763361494,,,-0.3025147977263428,,,-1.6485696169712867,-0.2018333477253961,,,-1.4216678703690433,,,0.3221,0.7059,0.5293,0.6224,0.8135,0.76,0.5399,2021,26,"Joe Ryan",21390,657746
"Julio Urías","LAD",478,0.4696,,0.0236,,,0.0088,0.0001,0.3281,,,0.1698,,,,93.37544014084507,,87.06783397295321,,,93.77187538146973,83.5,80.7007149700756,,,86.41136109983766,,,2.3741989493929725,,-2.7343509071751644,,,5.573749899864197,-5.710000038146973,-8.8218017475588,,,8.482126607523336,,,9.861411511058538,,3.412906401338633,,,9.033750057220459,5.380000114440918,-0.49768879012068196,,,4.143652680632356,,,0.5543022760859048,,-0.4201929123080962,,,-3.129380982136354,-4.020436480641365,1.5305365332907261,,,-0.06143636185095294,,,0.317,0.6613,0.5064,0.5961,0.8553,0.7823,0.5501,2021,25,"Julio Urias",14765,628711
"Cristian Javier","HOU",412,0.5917,,,,,,0.284,,0.0787,,0.0455,,,,93.32447950154898,,,,,,79.98460760548588,,76.38875082381371,,85.12796252404303,,,-4.3875309014560075,,,,,,7.137121439328498,,6.925887283834715,,-9.154650586716672,,,10.682408523470379,,,,,,1.7810667087203749,,-5.709912184462187,,5.287577631988062,,,0.7178138950236468,,,,,,1.1009875683162018,,-1.1080907621733542,,-1.7557506616535883,,,0.2828,0.6865,0.4758,0.5651,0.8082,0.7328,0.478,2021,25,"Cristian Javier",17606,664299
"Logan Webb","SFG",556.2,0.0512,,0.0033,,,0.3442,0.2701,,,,0.3312,,,,92.84256041770757,,91.38571602957589,,,92.27420362628182,82.99775128219558,,,,86.85662841248589,,,-5.576274362830229,,-1.6453571319580078,,,-9.289858297028813,5.6532261513465825,,,,-5.80919135152287,,,5.804074478149414,,3.4574999128069197,,,-0.24280047878355077,-0.05986117930494252,,,,-2.743790910006683,,,-0.8570443362344143,,-0.6276694392519337,,,0.7193325995564213,0.6846920882239642,,,,1.5521751473779264,,,0.3342,0.6015,0.4693,0.5918,0.8786,0.7776,0.5054,2021,25,"Logan Webb",17995,657277
"Patrick Sandoval","LAA",380.1,0.2422,,,,,0.14,0.2623,0.0937,,,0.2618,,,,93.0851792570456,,,,,93.31927496919496,86.25263204295733,77.73027725344593,,,83.6409490906012,,,2.6031538593082053,,,,,7.765936760625599,-3.446894760577999,-4.023944347462756,,,8.308002366891156,,,9.806814414779923,,,,,7.851193748716457,1.4089649044282255,-7.268788854346143,,,5.782191056987314,,,-1.2633122982689668,,,,,0.892796583661375,1.1289780791739972,-0.11824880179426282,,,0.5313145379766638,,,0.2963,0.6512,0.4706,0.5209,0.8129,0.7194,0.4911,2021,25,"Patrick Sandoval",19447,663776
"Shane McClanahan","TBR",404.2,0.3915,,,,,,0.2141,0.1936,,,0.2008,,,,96.6223275553052,,,,,,89.22689021535581,82.5096118993372,,,87.57380456893969,,,6.236640576992012,,,,,,-1.6503228462590707,-3.274727329105608,,,9.396078188960164,,,10.319393547086236,,,,,,2.0512965970271537,-5.749303986834611,,,5.629608544297874,,,-0.12585416051609893,,,,,,0.6232931612805928,1.9439550531779624,,,2.193626153250091,,,0.3198,0.6703,0.5014,0.4443,0.8032,0.6929,0.518,2021,25,"Shane McClanahan",21483,663556
"Logan Gilbert","SEA",495.2,0.5156,,,0.0535,,0.0061,0.2611,,0.1134,,0.0504,,,,95.72576377195092,,,85.56798325116009,,94.32040592115753,86.76308825712589,,79.64332497093818,,83.59162609682882,,,-3.8202742080376475,,,-4.409095002990864,,-7.972754887172154,1.8268771427544166,,2.818501111454202,,-8.82633002520782,,,10.363988359243445,,,2.6110672740537995,,7.336390125508211,1.908006623691731,,-5.60613793304243,,4.314162531509775,,,0.6504659901875156,,,0.21346363124465723,,-1.9157577838216509,0.24487191665200891,,0.35294196048763704,,-1.0014426733913093,,,0.2851,0.7087,0.51,0.577,0.8382,0.7697,0.531,2021,25,"Logan Gilbert",22250,669302
"Tarik Skubal","DET",347.1,0.359,,0.0014,0.0104,,0.155,0.2507,,0.0666,,0.1569,,,,94.58813344853482,,94.2249984741211,85.06949111162606,,94.84238503196023,87.86903329913535,,75.4074074074074,,83.30348186728395,,,5.361893141719861,,2.3375000953674316,6.490508257332495,,9.340170288085938,-0.075950140866001,,-3.358227500209102,,7.20333351965839,,,9.457915376716528,,10.241250038146973,6.197796579134667,,6.891659199107777,3.737455164448599,,-6.347571448674278,,4.9178563384496,,,-0.3641822531110461,,2.281849505379796,-6.026455993622036,,1.801219841211357,0.7345587389250652,,-1.2919610730870061,,1.6786858911900941,,,0.2975,0.6724,0.5006,0.5362,0.8333,0.7524,0.5418,2021,25,"Tarik Skubal",22267,669373
"Luis Garcia","HOU",339.2,0.4235,,0.2739,,,0.0009,0.1072,0.0962,,,0.0984,,,,93.57072495854176,,85.60551521388491,,,90.62000122070313,79.61941748550258,76.51915778967613,,,84.07378373163917,,,-4.1525386098469275,,2.2706933755881047,,,-10.223999786376954,8.134257798342361,2.9875976591731397,,,-9.875014987331205,,,10.82959971981704,,3.587538087456196,,,8.222000122070312,-0.8626405611070981,-6.203766285688028,,,6.120191124048126,,,-0.44436480974751796,,1.4800331825246407,,,-5.680051669478416,1.317717764795441,0.23784959167812975,,,0.3894523009378812,,,0.2962,0.6712,0.4802,0.5092,0.816,0.7196,0.4907,2021,25,"Luis Garcia",23735,677651
"Brady Singer","KCR",441.1,0.0065,,,,,0.5371,0.3968,,,,0.0597,,,,92.78510690242686,,,,,93.16606914212548,84.88526753073549,,,,87.4110585577477,,,-4.621276611977435,,,,,-8.253157393178316,1.4959931001712792,,,,-8.77608290465746,,,7.39851062855822,,,,,6.4445351027953945,0.594911266902084,,,,6.097175134491811,,,-5.38348968517273,,,,,-0.43293733955879676,0.10197591365829911,,,,-0.5213460056669151,,,0.2591,0.607,0.444,0.5255,0.8755,0.7797,0.5313,2021,25,"Brady Singer",25377,663903
"George Kirby","SEA",320.2,0.4194,,0.0519,0.035,,0.1757,0.1515,0.122,,,0.0443,,0.0002,,95.74224054316198,,88.27765012254902,84.80697560864826,,95.4932861328125,86.05355888213087,81.347333984375,,,86.17339359948394,,73.19999694824219,-5.3433171299102815,,1.499960746017157,-6.156976744186046,,-9.522743225097656,5.572201230861997,4.9807666015625,,,-9.153637387336941,,-7.0246901512146,8.772846447623666,,2.910705805759804,0.4391674219175827,,6.0733911019784435,-0.9361865690090512,-6.94856689453125,,,2.4046835243155105,,0.7054049968719482,1.4854356305082947,,-2.832948030794368,1.0443679403600306,,0.4482824441597417,0.5851158459714595,-0.12799053639173508,,,-2.16824736685381,,4.1571687906980515,0.3319,0.6942,0.5355,0.6685,0.8566,0.8055,0.5619,2022,25,"George Kirby",25436,669923
"Triston McKenzie","CLE",327.1,0.5858,,,,,,0.2082,0.2011,,,0.0049,,,,92.31867666760266,,,,,,86.85264792198946,79.35019577832604,,,86.02800170898438,,,-2.3745995964585913,,,,,,2.25695654755504,3.4909510808448267,,,-6.285599746704102,,,11.83484351094393,,,,,,4.859968884906156,-4.326686943113921,,,8.803599853515625,,,0.6860591270978074,,,,,,-0.006119519936903212,1.951499499468071,,,-10.321789488196373,,,0.3232,0.6914,0.5039,0.5419,0.8481,0.7481,0.4909,2021,24,"Triston McKenzie",18000,663474
"Jesús Luzardo","- - -",374.1,0.3545,,0.0017,,,0.1403,0.1357,0.1554,,,0.212,,,,96.46708087531887,,91.4181795987216,,,95.51704208305598,85.07242178447277,83.55222434843117,,,87.56246287178922,,,8.667706304243845,,1.9288090792569248,,,10.14513448535594,0.8892039346529186,0.4472975730895996,,,9.822811704007384,,,8.574618267611053,,4.018763802268288,,,7.510524766862125,1.1636616341070394,0.7805870711079493,,,4.61519285479356,,,0.18435926362541574,,0.7361425256187265,,,-0.7310485174971311,-0.2575006137406702,0.3573441987306724,,,0.3961939312163906,,,0.3015,0.6637,0.4727,0.4718,0.8266,0.7073,0.4727,2021,24,"Jesus Luzardo",19959,666200
"Josiah Gray","- - -",378.1,0.3207,,0.0755,,,0.0873,0.2804,0.2122,,,0.0239,,,,94.24364303330243,,88.817203125,,,93.37543590506056,85.4836312059311,82.76035642793595,,,88.54999996137015,,,-6.231379614935981,,-0.9972219848632813,,,-8.957231990193826,0.5058879799655387,0.4920854199399303,,,-8.890107426462293,,,9.943766678344957,,4.65722021484375,,,7.62700676835532,3.124313359627752,-2.4906712311442636,,,5.9802975111369845,,,-1.8241407088374124,,-0.05198181048035621,,,-0.33469839427607284,0.4066863138876619,0.3381330522566079,,,-4.251867419556726,,,0.2911,0.652,0.4609,0.5632,0.8375,0.7457,0.4704,2021,24,"Josiah Gray",24580,680686
"Alek Manoah","TOR",395.2,0.3418,,,,,0.2676,0.2803,,,,0.1103,,,,93.57567654275722,,,,,92.96645353025937,81.16687018436984,,,,86.52070039335665,,,-3.8488132738464578,,,,,-9.05366562725144,7.23662641459136,,,,-9.030839229130244,,,9.536489107978904,,,,,6.133873069389409,0.347146940677456,,,,5.348741139231862,,,0.4747961328401893,,,,,1.0805256703401505,0.2906083015045361,,,,-0.1812243232360253,,,0.28,0.6764,0.4788,0.5724,0.8504,0.7693,0.5015,2021,24,"Alek Manoah",26410,666201
"Spencer Strider","ATL",320.2,0.6248,,,,,,0.3134,,,,0.0618,,,,97.66648900462963,,,,,,85.86450018660246,,,,87.62125401297016,,,-3.821007491500289,,,,,,2.366621426415035,,,,-8.849940180064676,,,10.59941039134838,,,,,,1.003597152493652,,,,6.904760463509017,,,0.8963674578401778,,,,,,1.4986271231187143,,,,0.5998231080210138,,,0.3458,0.6783,0.5174,0.427,0.7737,0.6615,0.5161,2021,23,"Spencer Strider",27498,675911